ID,target_shape,target_X,target_Y,D00_X,D00_Y,D00_SHAPE,D00_DIST,D01_X,D01_Y,D01_SHAPE,D01_DIST,D02_X,D02_Y,D02_SHAPE,D02_DIST,D03_SHAPE,D03_X,D03_Y,D03_DIST,answer,square,triangle,heart,star
0,x,490,395,25,25,star,594.2432162002357,25,875,heart,668.3000822983639,875,25,square,533.9709729938511,triangle,875.0,875.0,615.3251173160413,heart,19.0,26.25,44.5,22.875
1,x,403,755,25,25,heart,822.0608250001942,25,875,square,396.5904688718578,875,25,triangle,869.3008685144632,star,875.0,875.0,487.0154001671816,square,43.75,22.5,25.5,22.5
2,x,758,650,25,25,heart,963.282928323761,25,875,star,766.7555020995936,875,25,square,635.8569021407254,triangle,875.0,875.0,253.60205046489668,triangle,29.5,51.25,31.625,34.75
3,x,348,560,25,25,star,624.9431974187734,25,875,triangle,451.16959117387336,875,25,square,750.9687077368803,heart,875.0,875.0,613.9657970929651,triangle,31.375,54.0,41.0,26.875
4,x,413,737,25,25,heart,810.8563374605886,25,875,star,411.8106360938241,875,25,triangle,848.7567378230349,square,875.0,875.0,482.1700944687466,star,28.75,17.5,23.5,42.25
5,x,209,91,25,25,star,195.47889911701463,25,875,square,805.3024276630489,875,25,triangle,669.2622804252455,heart,875.0,875.0,1028.6943180556602,star,23.0,19.25,18.875,42.5
6,x,872,607,25,25,star,1027.683316980479,25,875,triangle,888.3878657433362,875,25,heart,582.0077319074035,square,875.0,875.0,268.01679051880313,square,45.75,27.125,23.25,15.625
7,x,200,396,25,25,heart,410.2023890715411,25,875,triangle,509.9666655772708,875,25,star,770.2376256714547,square,875.0,875.0,827.6871389601266,triangle,35.5,54.25,35.25,22.5
8,x,50,354,25,25,heart,329.9484808269316,25,875,triangle,521.5994631899079,875,25,star,888.1812878010885,square,875.0,875.0,975.738694528407,triangle,31.25,51.75,33.0,24.625
9,x,547,317,25,25,triangle,598.1203892194279,25,875,star,764.0994699644805,875,25,heart,439.1446231026858,square,875.0,875.0,647.2619253439832,square,50.75,31.125,29.0,30.0
10,x,542,80,25,25,star,519.9173011162449,25,875,triangle,948.3216753823568,875,25,square,337.5114812861927,heart,875.0,875.0,861.9245906690445,triangle,35.0,55.0,35.75,36.25
11,x,262,810,25,25,square,819.9963414552531,25,875,star,245.75190741884384,875,25,heart,995.9889557620606,triangle,875.0,875.0,616.4365336350531,star,17.25,22.5,20.625,43.25
12,x,168,111,25,25,star,166.86821147240718,25,875,triangle,777.2676501694896,875,25,square,712.2113450374123,heart,875.0,875.0,1040.9346761444735,triangle,30.875,53.0,32.25,39.5
13,x,607,822,25,25,triangle,986.8804385537288,25,875,square,584.4082477172957,875,25,star,840.8525435532678,heart,875.0,875.0,273.19040978775223,square,43.0,18.875,24.75,14.5625
14,x,137,502,25,25,heart,489.97244820499856,25,875,star,389.45217934940354,875,25,square,878.7337480716216,triangle,875.0,875.0,826.9056778133768,star,23.625,25.0,28.875,46.0
15,x,220,792,25,25,triangle,791.4000252716701,25,875,star,211.92923347193044,875,25,square,1008.6198491007402,heart,875.0,875.0,660.2378359349001,star,17.625,18.125,21.625,42.25
16,x,341,682,25,25,star,729.0438944261175,25,875,heart,370.2769233965303,875,25,triangle,846.643372382965,square,875.0,875.0,567.8071855832752,heart,25.125,18.75,43.5,19.125
17,x,112,458,25,25,triangle,441.6537105017912,25,875,square,425.97887271553736,875,25,heart,877.30154451021,star,875.0,875.0,869.5159573003822,square,53.0,33.0,29.375,26.75
18,x,385,311,25,25,heart,459.7782074000463,25,875,triangle,669.1008892536312,875,25,star,567.3587930049202,square,875.0,875.0,747.1251568512467,heart,42.0,42.75,54.5,35.25
19,x,274,541,25,25,heart,572.9371693301108,25,875,star,416.60172827293934,875,25,square,792.1218340634224,triangle,875.0,875.0,687.5732688230397,star,18.625,23.0,24.25,43.5
20,x,332,104,25,25,heart,317.00157728314224,25,875,triangle,829.8734843336061,875,25,square,548.7166846378922,star,875.0,875.0,943.0217388798628,triangle,35.0,56.0,39.75,35.0
21,x,574,815,25,25,triangle,962.0296253234616,25,875,square,552.2689562160814,875,25,heart,845.3999053702337,star,875.0,875.0,306.9218141481638,square,44.5,25.875,23.375,29.875
22,x,596,156,25,25,heart,585.8344476044406,25,875,triangle,918.151403636677,875,25,square,308.22394455979565,star,875.0,875.0,771.2340760106493,triangle,37.5,58.25,43.25,39.0
23,x,171,708,25,25,square,698.4303830733597,25,875,heart,221.82200071228283,875,25,star,980.8695122186232,triangle,875.0,875.0,723.5364538155628,heart,16.25,18.75,41.0,16.25
24,x,185,307,25,25,square,324.2283146179556,25,875,star,590.1050753891209,875,25,triangle,745.401905015006,heart,875.0,875.0,893.7136006573918,star,26.25,21.5,28.125,46.5
25,x,507,470,25,25,triangle,656.0099084617549,25,875,square,629.5625465352906,875,25,heart,577.4504307730664,star,875.0,875.0,547.2193344537453,triangle,43.0,57.0,38.0,38.75
26,x,540,142,25,25,triangle,528.1230917125287,25,875,star,895.8314573623768,875,25,heart,354.8436275319031,square,875.0,875.0,805.9243140642923,square,44.5,24.25,23.75,23.125
27,x,147,91,25,25,square,138.70832707519762,25,875,heart,793.435567642389,875,25,triangle,730.9856359737857,star,875.0,875.0,1069.878497774397,square,43.25,24.5,25.625,18.25
28,x,568,159,25,25,triangle,559.2897281373939,25,875,square,898.6128198506852,875,25,star,334.970147923662,heart,875.0,875.0,779.0410772225043,square,49.0,29.875,29.5,27.375
29,x,326,255,25,25,triangle,378.8152584044101,25,875,star,689.2031630803793,875,25,square,595.2318875866782,heart,875.0,875.0,828.1310282799456,heart,33.5,34.0,56.0,36.75
30,x,835,165,25,25,triangle,822.0097323024831,25,875,heart,1077.1258050942797,875,25,square,145.60219778561037,star,875.0,875.0,711.125867902441,square,46.0,25.5,24.875,29.625
31,x,414,698,25,25,star,777.3351915358007,25,875,triangle,427.375712927162,875,25,heart,815.7511875565981,square,875.0,875.0,493.8117050050556,square,53.25,42.25,30.375,26.125
32,x,178,812,25,25,square,801.7343699754925,25,875,heart,165.46298679765212,875,25,triangle,1051.274464638041,star,875.0,875.0,699.8414106067174,heart,16.625,18.25,41.5,22.75
33,x,561,359,25,25,triangle,631.5473062249573,25,875,heart,744.0107526104714,875,25,square,458.42338509286367,star,875.0,875.0,604.0298005893418,star,31.125,33.25,37.0,52.5
34,x,433,521,25,25,triangle,642.2460587656416,25,875,heart,540.1666409544373,875,25,star,664.3643578639661,square,875.0,875.0,566.2861467491501,square,49.25,28.5,33.5,23.625
35,x,435,253,25,25,triangle,469.1311117374332,25,875,star,744.9724827132878,875,25,square,495.5643247853905,heart,875.0,875.0,761.8950058899192,heart,41.0,38.75,57.0,40.0
36,x,690,93,25,25,star,668.4676506757825,25,875,square,1026.5227713012507,875,25,heart,197.101496696499,triangle,875.0,875.0,803.5850919473307,heart,33.25,36.5,51.75,35.5
37,x,832,373,25,25,triangle,878.8361622054477,25,875,square,950.3962331575184,875,25,heart,350.6465456838268,star,875.0,875.0,503.83826770105503,star,32.0,29.375,33.0,49.75
38,x,570,818,25,25,star,962.2234667685047,25,875,triangle,547.9726270535783,875,25,heart,849.6316849082313,square,875.0,875.0,310.28051824115545,triangle,30.375,47.0,25.625,20.75
39,x,170,579,25,25,star,572.6613309801876,25,875,heart,329.607342151233,875,25,triangle,896.6275703992154,square,875.0,875.0,764.61820538096,heart,27.375,23.25,46.0,22.25
40,x,264,845,25,25,square,854.1200149861845,25,875,heart,240.87548650703332,875,25,triangle,1022.6050068330392,star,875.0,875.0,611.7360541933098,heart,16.625,17.375,40.25,21.125
41,x,650,576,25,25,star,833.2022563579626,25,875,triangle,692.8390866572122,875,25,heart,595.1688835952364,square,875.0,875.0,374.20048102588,square,52.75,40.25,34.75,26.125
42,x,414,343,25,25,square,502.4390510300727,25,875,triangle,659.0485566329692,875,25,star,560.040177130177,heart,875.0,875.0,703.9495720575445,triangle,34.5,56.0,42.75,35.5
43,x,658,239,25,25,star,668.1953307229855,25,875,square,897.3210127930806,875,25,triangle,304.77040538739976,heart,875.0,875.0,672.0007440472071,square,52.0,30.0,37.0,29.875
44,x,722,345,25,25,star,766.9478469883073,25,875,triangle,875.6192094740727,875,25,square,354.6956441796262,heart,875.0,875.0,551.6420941153784,heart,37.5,44.75,57.5,33.5
45,x,170,808,25,25,star,796.3127526292669,25,875,triangle,159.7310239120754,875,25,square,1053.6194759019977,heart,875.0,875.0,708.1765316642454,triangle,20.625,46.5,27.5,20.375
46,x,636,699,25,25,star,909.723584392534,25,875,heart,635.8435342126237,875,25,triangle,715.1202696050505,square,875.0,875.0,296.8113879216901,square,43.0,17.25,25.125,14.3125
47,x,329,447,25,25,square,520.0961449578338,25,875,star,524.9761899362675,875,25,heart,690.0724599634447,triangle,875.0,875.0,693.7578828380979,star,23.25,23.75,25.375,45.0
48,x,32,156,25,25,square,131.18688958886096,25,875,triangle,719.0340742969,875,25,star,853.1178113250245,heart,875.0,875.0,1107.975631500982,square,53.0,39.75,28.625,24.375
49,x,516,354,25,25,star,591.0346859533711,25,875,heart,715.9064184654304,875,25,triangle,486.9517429889742,square,875.0,875.0,632.7100441750549,heart,32.5,28.0,50.0,30.125
50,x,26,139,25,25,square,114.00438588054408,25,875,heart,736.0006793475126,875,25,star,856.6195188063368,triangle,875.0,875.0,1123.60891772894,square,43.0,20.125,25.5,14.75
51,x,202,855,25,25,triangle,848.6630662400715,25,875,heart,178.12635964393365,875,25,square,1068.563989660891,star,875.0,875.0,673.2971112369338,heart,22.25,24.75,46.5,27.625
52,x,538,221,25,25,heart,549.1675518455182,25,875,triangle,831.194922987382,875,25,star,389.85253622363416,square,875.0,875.0,735.7207350618847,triangle,42.5,57.5,42.25,31.5
53,x,147,325,25,25,square,323.8579935712565,25,875,star,563.3684407206354,875,25,heart,787.3906273254718,triangle,875.0,875.0,912.4056115566146,star,23.0,23.375,23.0,44.75
54,x,180,700,25,25,heart,692.567686222798,25,875,square,233.7733945512192,875,25,star,968.8395119936016,triangle,875.0,875.0,716.6937979360503,square,41.0,21.25,19.75,11.25
55,x,858,287,25,25,star,873.2313553692401,25,875,square,1019.6239502875558,875,25,triangle,262.5509474368737,heart,875.0,875.0,588.2456969668372,square,52.5,37.0,36.25,29.5
56,x,815,615,25,25,star,986.0020283954796,25,875,triangle,831.6850365372699,875,25,square,593.0430001273095,heart,875.0,875.0,266.8332812825267,heart,31.75,39.5,54.5,23.375
57,x,747,396,25,25,square,811.7419540716126,25,875,heart,866.4438816218856,875,25,triangle,392.4601890638081,star,875.0,875.0,495.8074222921638,heart,21.625,26.875,48.25,34.25
58,x,73,668,25,25,star,644.7891128113129,25,875,triangle,212.49235280357735,875,25,square,1027.9362820719969,heart,875.0,875.0,828.283164141346,triangle,22.25,45.75,27.375,19.375
59,x,789,735,25,25,square,1042.9745922121017,25,875,heart,776.7213142434035,875,25,star,715.1894853813219,triangle,875.0,875.0,164.30459518832697,triangle,21.125,43.5,27.125,21.125
60,x,76,164,25,25,square,148.06079832285116,25,875,star,712.8267671741852,875,25,triangle,811.000616522577,heart,875.0,875.0,1069.5428930155165,square,42.75,17.5,19.0,23.375
61,x,804,561,25,25,heart,945.5881767450352,25,875,square,839.9029705864839,875,25,triangle,540.6819767663798,star,875.0,875.0,321.92701036104444,square,42.5,25.625,23.5,29.0
62,x,316,61,25,25,star,293.218348675522,25,875,triangle,864.4518494398633,875,25,heart,560.1580134212131,square,875.0,875.0,987.4598726024263,star,28.5,26.25,32.0,47.5
63,x,642,407,25,25,triangle,725.6810594193568,25,875,star,774.4113893790561,875,25,square,447.45167336819736,heart,875.0,875.0,522.7934582605257,heart,23.375,24.5,48.25,28.5
64,x,870,217,25,25,star,866.5385161664772,25,875,triangle,1070.9757233476396,875,25,square,192.06509313251067,heart,875.0,875.0,658.0189966862658,square,45.5,27.625,25.375,21.375
65,x,353,718,25,25,star,766.7026803135619,25,875,triangle,363.638556811568,875,25,square,867.6018672179077,heart,875.0,875.0,545.0990735636963,triangle,21.0,43.25,27.25,18.375
66,x,438,471,25,25,star,607.8527782284128,25,875,heart,577.741291583006,875,25,square,624.4077193629175,triangle,875.0,875.0,595.1344385934997,heart,27.75,35.5,50.75,28.25
67,x,193,571,25,25,heart,571.2617613668887,25,875,square,347.3326935374786,875,25,triangle,873.6360798410285,star,875.0,875.0,746.6860116541625,square,43.75,21.375,24.625,22.875
68,x,481,391,25,25,star,584.7153153458527,25,875,triangle,664.9751875070227,875,25,square,537.7657482584773,heart,875.0,875.0,624.0929417963321,triangle,29.0,53.0,39.0,26.0
69,x,501,795,25,25,star,905.2491369783238,25,875,square,482.675874681965,875,25,triangle,856.0233641671236,heart,875.0,875.0,382.4604554721965,square,42.0,21.0,24.625,21.125
70,x,522,551,25,25,square,723.6608321582701,25,875,star,593.2832375855565,875,25,triangle,633.4705991598979,heart,875.0,875.0,479.15028957520207,star,21.5,21.625,26.5,44.75
71,x,276,228,25,25,heart,322.8157369150395,25,875,square,693.9812677587198,875,25,triangle,632.4634376784163,star,875.0,875.0,881.708568632516,square,48.75,27.25,33.5,27.875
72,x,288,785,25,25,heart,804.2194974010516,25,875,star,277.973020273551,875,25,square,960.296308438182,triangle,875.0,875.0,593.8594109719909,star,14.8125,18.25,19.125,41.25
73,x,796,868,25,25,triangle,1142.4053571302964,25,875,square,771.0317762582811,875,25,heart,846.6935691263989,star,875.0,875.0,79.30952023559341,star,23.25,19.75,19.875,44.5
74,x,262,417,25,25,star,458.0753213173572,25,875,square,515.6869205244593,875,25,triangle,727.6214675227773,heart,875.0,875.0,765.2012807098534,square,44.5,20.75,25.75,26.0
75,x,500,305,25,25,square,551.3846207503434,25,875,star,741.9737192111322,875,25,heart,468.0010683748489,triangle,875.0,875.0,682.2939249326496,star,28.0,33.5,37.5,51.75
76,x,605,666,25,25,triangle,864.4541630416271,25,875,star,616.5070964717276,875,25,heart,695.5436722449568,square,875.0,875.0,341.4395993437199,square,45.25,24.75,23.125,28.125
77,x,642,749,25,25,square,951.2439224510188,25,875,star,629.7340708584854,875,25,heart,760.5688660469872,triangle,875.0,875.0,264.8867682614592,star,24.25,31.0,26.375,48.5
78,x,375,467,25,25,square,563.7942887259501,25,875,heart,537.553718245907,875,25,triangle,667.3559769718107,star,875.0,875.0,645.3402203489258,heart,22.5,22.875,46.5,28.25
79,x,96,300,25,25,triangle,284.0176050881353,25,875,square,579.3668958440757,875,25,star,826.1150041005187,heart,875.0,875.0,968.2282788681604,square,50.75,34.0,28.75,24.75
80,x,837,136,25,25,star,819.5517067275255,25,875,triangle,1097.9367012719813,875,25,heart,117.32433677630571,square,875.0,875.0,739.9763509734619,heart,22.875,23.875,43.25,25.375
81,x,791,363,25,25,heart,837.2574275573792,25,875,square,921.3576938409968,875,25,triangle,348.28149534536,star,875.0,875.0,518.8448708429139,square,47.25,29.75,30.25,29.0
82,x,450,690,25,25,heart,789.2084642222231,25,875,square,463.51914739307153,875,25,triangle,789.2084642222231,star,875.0,875.0,463.51914739307153,square,40.25,18.75,21.875,17.375
83,x,589,603,25,25,heart,807.5766217517692,25,875,square,626.1629180971994,875,25,triangle,644.8875871033648,star,875.0,875.0,394.689751577109,square,47.25,26.625,30.25,28.625
84,x,602,540,25,25,heart,773.4041634229803,25,875,star,667.1986211016927,875,25,triangle,582.8842080550819,square,875.0,875.0,432.15043676941946,square,44.25,22.25,26.125,28.0
85,x,215,613,25,25,square,617.9352716911376,25,875,triangle,323.6417772785213,875,25,star,883.936649313739,heart,875.0,875.0,710.1014012097146,triangle,26.25,50.75,35.25,26.75
86,x,772,220,25,25,triangle,772.0323827405169,25,875,heart,993.4958480034026,875,25,square,220.5311769342376,star,875.0,875.0,663.0490177958188,star,36.75,34.0,33.25,49.0
87,x,746,575,25,25,triangle,906.8301935864288,25,875,heart,780.9231716372616,875,25,star,564.9256588260088,square,875.0,875.0,326.5593361090753,square,49.25,25.5,35.75,19.25
88,x,178,851,25,25,square,840.0505937144501,25,875,heart,154.8709139896837,875,25,triangle,1080.7798110623644,star,875.0,875.0,697.4130770210722,heart,19.875,23.25,45.75,28.25
89,x,293,622,25,25,star,654.3951405687545,25,875,square,368.5552875756906,875,25,heart,833.746364309914,triangle,875.0,875.0,634.6124801798338,square,47.75,30.125,25.375,23.375
90,x,373,117,25,25,triangle,359.95555281173256,25,875,star,834.0671435801796,875,25,heart,510.360656790862,square,875.0,875.0,909.1578520807044,square,50.25,31.0,30.125,30.375
91,x,333,114,25,25,star,320.6009981269553,25,875,square,820.9658945413019,875,25,heart,549.2585911936198,triangle,875.0,875.0,934.2831476592094,star,26.125,26.25,29.5,48.0
92,x,90,687,25,25,heart,665.1834333475241,25,875,square,198.91958174096385,875,25,triangle,1026.8734099196454,star,875.0,875.0,807.1982408305905,square,42.75,15.3125,19.625,13.3125
93,x,123,301,25,25,square,292.88222889072665,25,875,star,582.3057616063918,875,25,triangle,801.0493118404135,heart,875.0,875.0,946.0338260337206,star,25.875,20.25,25.125,45.5
94,x,607,328,25,25,triangle,656.1501352586921,25,875,star,798.7070802240331,875,25,square,404.5157598907612,heart,875.0,875.0,609.1247819617914,heart,38.25,37.75,56.5,39.25
95,x,503,392,25,25,square,602.6383658546807,25,875,triangle,679.5388141968051,875,25,star,522.563871694169,heart,875.0,875.0,609.6498995325104,triangle,29.5,52.75,36.25,27.75
96,x,223,493,25,25,star,508.16139168575177,25,875,heart,430.2650346007679,875,25,square,802.5758531129628,triangle,875.0,875.0,755.6639464735631,heart,28.0,35.0,51.25,30.75
97,x,370,300,25,25,heart,441.1915683691156,25,875,square,670.5594679072095,875,25,star,575.0217387195027,triangle,875.0,875.0,765.2777273643864,triangle,39.25,54.0,36.5,25.625
98,x,557,466,25,25,heart,691.0173659178183,25,875,star,671.0476883202862,875,25,square,543.6956869426132,triangle,875.0,875.0,518.0781794285492,star,25.125,28.25,31.0,48.25
99,x,196,749,25,25,triangle,743.9200225830731,25,875,square,212.40762698170704,875,25,heart,992.5809790641767,star,875.0,875.0,690.591775218906,square,42.0,21.5,20.0,19.875
100,x,843,377,25,25,star,890.5211957050769,25,875,square,957.6680009272524,875,25,triangle,353.4515525499924,heart,875.0,875.0,499.02705337486464,square,51.0,30.25,33.75,25.375
101,x,653,77,25,25,heart,630.1491886847114,25,875,triangle,1015.4742734308928,875,25,square,228.00877176108816,star,875.0,875.0,828.3042919120968,triangle,43.0,56.25,37.5,34.75
102,x,609,703,25,25,square,894.8407679581882,25,875,heart,608.8021024930844,875,25,triangle,728.313119475408,star,875.0,875.0,316.7648970451113,heart,16.125,17.625,40.75,22.5
103,x,838,88,25,25,square,815.4373059898596,25,875,triangle,1131.520216346133,875,25,star,73.06161783043132,heart,875.0,875.0,787.8692784973913,star,21.25,22.875,23.375,43.75
104,x,715,599,25,25,square,897.5388570975632,25,875,heart,743.1527433845615,875,25,star,595.8825387607864,triangle,875.0,875.0,319.02351010544663,triangle,26.0,47.25,33.0,22.625
105,x,693,677,25,25,triangle,933.4495165781595,25,875,heart,696.7266321879766,875,25,square,676.9254020939087,star,875.0,875.0,268.9386547151599,heart,27.875,29.125,50.75,33.75
106,x,504,715,25,25,triangle,839.9648802182148,25,875,square,505.0158413356952,875,25,star,783.4162367477458,heart,875.0,875.0,404.0309394093477,square,43.0,19.75,24.5,16.375
107,x,509,370,25,25,heart,594.3744610933414,25,875,star,699.486240036214,875,25,triangle,502.9721662279137,square,875.0,875.0,623.683413279526,square,46.0,23.375,31.25,32.0
108,x,150,712,25,25,heart,698.2793137420011,25,875,star,205.4117815511077,875,25,triangle,998.7962755236924,square,875.0,875.0,743.0975709824384,star,25.875,15.625,21.375,42.75
109,x,79,292,25,25,square,272.40594707164524,25,875,triangle,585.4955166352685,875,25,star,839.5862076046748,heart,875.0,875.0,986.6635698149598,triangle,32.25,49.75,28.75,25.625
110,x,768,627,25,25,square,956.2703592603924,25,875,star,783.29624025652,875,25,triangle,611.4351968933421,heart,875.0,875.0,270.0981303156317,heart,21.875,24.625,48.5,33.5
111,x,554,461,25,25,square,685.5195110279502,25,875,triangle,671.7417658594708,875,25,star,541.4212777495912,heart,875.0,875.0,523.8673496220202,triangle,26.125,50.0,34.0,24.125
112,x,418,552,25,25,heart,657.4024642484998,25,875,square,508.7022704883476,875,25,triangle,697.5514317955343,star,875.0,875.0,559.623087443683,square,42.0,20.125,24.875,22.875
113,x,502,260,25,25,triangle,531.7461800520997,25,875,heart,778.301997941673,875,25,square,440.8559855553739,star,875.0,875.0,719.273244323741,star,33.5,34.75,35.75,52.0
114,x,611,852,25,25,star,1013.5704218257358,25,875,triangle,586.4511914899654,875,25,square,868.1157756889343,heart,875.0,875.0,265.0,heart,22.5,33.25,50.75,20.75
115,x,744,679,25,25,square,971.9449572892488,25,875,heart,745.236204166169,875,25,triangle,666.9910044370913,star,875.0,875.0,235.7477465427825,heart,16.875,20.875,43.5,27.375
116,x,824,76,25,25,triangle,800.62600507353,25,875,square,1129.956636336103,875,25,star,72.12489168102785,heart,875.0,875.0,800.62600507353,star,18.125,22.625,21.875,44.75
117,x,376,202,25,25,triangle,393.10303992719264,25,875,heart,759.0322786285179,875,25,square,529.4619910815129,star,875.0,875.0,837.8126282170733,star,32.75,33.5,30.875,51.0
118,x,492,609,25,25,triangle,747.759988231518,25,875,heart,537.4430202356339,875,25,star,698.3874282946393,square,875.0,875.0,466.3099827368057,square,44.25,20.625,29.0,14.9375
119,x,724,197,25,25,star,719.8506789605744,25,875,triangle,973.7992606281852,875,25,heart,228.87769659798656,square,875.0,875.0,694.6114021523114,square,53.75,39.75,40.0,31.625
120,x,849,742,25,25,star,1092.2751484859482,25,875,triangle,834.6646032988341,875,25,heart,717.4712537795504,square,875.0,875.0,135.51752654177244,square,48.5,26.125,21.75,16.0
121,x,654,701,25,25,star,923.3726225094612,25,875,triangle,652.623168451749,875,25,heart,711.2081270626763,square,875.0,875.0,281.27744310555727,triangle,36.5,51.5,27.0,22.75
122,x,608,258,25,25,star,627.8359658382116,25,875,heart,848.8686588630776,875,25,triangle,354.36986327846785,square,875.0,875.0,672.2930908465444,square,48.25,30.875,31.625,23.875
123,x,684,470,25,25,heart,795.1767099205057,25,875,star,773.5024240427434,875,25,triangle,484.2581955940447,square,875.0,875.0,447.7789633290068,star,32.25,21.875,27.75,44.75
124,x,166,729,25,25,square,717.9811975253948,25,875,star,202.97044119772715,875,25,triangle,999.148137164855,heart,875.0,875.0,723.8763706600735,star,18.125,16.5,23.875,43.25
125,x,781,101,25,25,square,759.810502691296,25,875,heart,1081.9482427547075,875,25,triangle,120.8801058900926,star,875.0,875.0,779.6871167333727,triangle,27.0,47.75,28.125,25.875
126,x,670,667,25,25,triangle,910.048899785061,25,875,square,677.7086394609412,875,25,star,673.9354568502832,heart,875.0,875.0,292.04280508172087,square,53.75,27.5,37.5,23.875
127,x,816,363,25,25,square,860.1889327351288,25,875,triangle,942.2446603722412,875,25,heart,343.11076928595526,star,875.0,875.0,515.3882032022076,star,24.5,33.25,30.625,51.0
128,x,271,380,25,25,square,431.90392450173454,25,875,triangle,552.7576322403879,875,25,star,700.600456751207,heart,875.0,875.0,780.9231716372616,heart,34.0,42.75,56.0,29.5
129,x,323,98,25,25,triangle,306.8110167513546,25,875,star,832.1856763968003,875,25,square,556.8060703692086,heart,875.0,875.0,953.117516364063,star,37.5,37.0,32.75,52.25
130,x,178,176,25,25,heart,214.96511344867105,25,875,star,715.5487404782431,875,25,triangle,713.1689841825709,square,875.0,875.0,987.122079582865,heart,26.5,17.75,45.5,26.375
131,x,32,739,25,25,square,714.0343129009977,25,875,heart,136.1800279042415,875,25,triangle,1104.737525387818,star,875.0,875.0,853.8998770347728,heart,17.0,16.0,39.25,18.875
132,x,216,204,25,25,triangle,261.767072031606,25,875,square,697.6546423553706,875,25,heart,682.877734298022,star,875.0,875.0,940.4902976639364,square,53.25,35.75,28.5,30.875
133,x,238,111,25,25,triangle,229.7063342618135,25,875,square,793.1361799842446,875,25,heart,642.7791222496263,star,875.0,875.0,994.7185531596364,triangle,33.0,50.75,29.75,27.625
134,x,106,121,25,25,heart,125.60652849274992,25,875,triangle,758.3383150019522,875,25,square,774.9690316393294,star,875.0,875.0,1076.975858596654,heart,27.25,28.625,48.0,24.25
135,x,203,675,25,25,triangle,673.931747286029,25,875,square,267.7386785654997,875,25,heart,934.9245958899572,star,875.0,875.0,701.1305156673756,square,43.5,21.25,19.25,17.375
136,x,197,581,25,25,heart,581.9965635637379,25,875,square,340.61708706405204,875,25,triangle,876.8238135452299,star,875.0,875.0,738.9993234097038,square,46.5,26.25,27.125,28.75
137,x,627,348,25,25,triangle,683.1786003674296,25,875,square,800.0831206818451,875,25,star,407.2259814893937,heart,875.0,875.0,582.437121069734,heart,37.0,30.875,54.5,29.75
138,x,200,322,25,25,heart,344.7230772663762,25,875,star,580.0293096042648,875,25,square,737.4510153223738,triangle,875.0,875.0,872.6018565187677,star,20.375,20.875,23.625,44.0
139,x,345,68,25,25,square,322.8761372415125,25,875,heart,868.1295986199295,875,25,star,531.741478540089,triangle,875.0,875.0,965.4786377750676,square,52.25,39.5,35.5,26.875
140,x,331,675,25,25,square,718.4260574338879,25,875,heart,365.5625801418958,875,25,star,847.6060405636572,triangle,875.0,875.0,579.5998619737586,heart,17.875,22.75,41.5,16.625
141,x,534,501,25,25,heart,696.8909527322047,25,875,triangle,631.6304299192685,875,25,square,585.5399217815981,star,875.0,875.0,506.119551094403,star,31.375,38.5,34.5,51.5
142,x,434,132,25,25,triangle,422.7647099747092,25,875,star,848.1332442488032,875,25,square,453.7951079507138,heart,875.0,875.0,864.0196757018905,star,28.25,27.375,34.5,50.25
143,x,97,578,25,25,square,557.6674636376055,25,875,star,305.60268323429364,875,25,heart,954.5119171597596,triangle,875.0,875.0,832.7622709993531,star,21.5,25.875,24.875,44.5
144,x,25,624,25,25,triangle,599.0,25,875,square,251.0,875,25,star,1039.8562400639812,heart,875.0,875.0,886.2849428936497,square,43.25,23.5,20.25,14.875
145,x,714,809,25,25,square,1043.732245357975,25,875,heart,692.1538846239324,875,25,triangle,800.3605437551254,star,875.0,875.0,174.0028735394907,star,13.5,17.875,23.125,42.25
146,x,816,31,25,25,triangle,791.0227556777365,25,875,star,1156.7268476178808,875,25,square,59.30430001273095,heart,875.0,875.0,846.0596905656244,square,42.75,27.375,22.625,19.125
147,x,593,148,25,25,heart,581.1652088692165,25,875,star,922.5795358666916,875,25,square,307.6572768520192,triangle,875.0,875.0,779.7775323770236,star,30.625,34.0,32.0,50.75
148,x,444,183,25,25,star,447.8001786511479,25,875,triangle,808.9653886292045,875,25,heart,459.0479277809672,square,875.0,875.0,815.2453618389987,heart,30.875,32.25,50.5,36.0
149,x,736,637,25,25,triangle,938.1177964413638,25,875,heart,749.7766334049095,875,25,square,627.5866474041652,star,875.0,875.0,275.6174885597792,star,23.375,21.625,27.875,43.75
150,x,108,60,25,25,triangle,90.07774419910837,25,875,star,819.215478369397,875,25,heart,767.7981505578142,square,875.0,875.0,1119.1577190012138,triangle,29.75,49.75,27.75,25.5
151,x,510,462,25,25,triangle,652.8353544347916,25,875,square,637.0196229316645,875,25,heart,569.3803649582588,star,875.0,875.0,551.1751082913669,square,52.5,36.5,35.5,34.75
152,x,796,504,25,25,star,907.6794588399586,25,875,heart,855.617905375992,875,25,square,485.47090541040666,triangle,875.0,875.0,379.3178087039943,triangle,25.375,45.75,29.125,21.875
153,x,703,452,25,25,triangle,801.2571372537034,25,875,heart,799.1326548202119,875,25,square,460.3400916713642,star,875.0,875.0,456.632237144948,star,25.0,24.625,26.375,46.25
154,x,778,178,25,25,triangle,768.3866214348087,25,875,heart,1026.0691984461866,875,25,square,181.1573901335521,star,875.0,875.0,703.7172727736615,star,37.0,38.25,36.5,53.0
155,x,409,56,25,25,triangle,385.2492699538832,25,875,heart,904.5534810059602,875,25,star,467.0299776245632,square,875.0,875.0,942.2934786997096,triangle,38.75,56.0,38.25,24.625
156,x,604,156,25,25,triangle,593.6345677266445,25,875,star,923.1478754782464,875,25,heart,301.0016611249845,square,875.0,875.0,768.3762099388554,square,46.0,26.5,27.0,24.875
157,x,189,34,25,25,triangle,164.24676556937126,25,875,heart,856.8412921889327,875,25,star,686.0590353606605,square,875.0,875.0,1085.3004192388391,triangle,30.5,49.5,30.0,25.0
158,x,606,859,25,25,heart,1016.423632153444,25,875,triangle,581.2202680567841,875,25,star,876.3087355492926,square,875.0,875.0,269.4754163184464,square,48.75,33.0,22.875,18.25
159,x,859,334,25,25,triangle,889.4026084962873,25,875,star,994.1011014982328,875,25,heart,309.4139621930465,square,875.0,875.0,541.2365471769252,square,48.0,20.125,28.625,19.375
160,x,834,477,25,25,triangle,926.7065339145936,25,875,heart,901.6013531489402,875,25,square,453.8557039412416,star,875.0,875.0,400.10623589241897,star,28.5,22.375,24.0,44.0
161,x,733,208,25,25,triangle,731.2680766996465,25,875,heart,972.703963187156,875,25,star,231.63117234085743,square,875.0,875.0,681.9479452274932,square,49.5,30.5,29.75,31.875
162,x,539,421,25,25,triangle,648.8543750334122,25,875,star,685.7929716758549,875,25,square,519.3380402011776,heart,875.0,875.0,564.8114729712916,heart,22.25,24.25,45.5,26.0
163,x,215,165,25,25,square,236.00847442411893,25,875,heart,734.9829930005184,875,25,triangle,674.68511173732,star,875.0,875.0,969.3812459502196,heart,36.25,30.0,53.5,34.25
164,x,837,128,25,25,star,818.5065668643105,25,875,heart,1103.3372104665011,875,25,square,109.78615577567146,triangle,875.0,875.0,747.9659083140086,square,49.75,32.25,26.75,27.5
165,x,453,150,25,25,triangle,445.88002870727456,25,875,square,841.9079522133046,875,25,star,440.1238462069512,heart,875.0,875.0,838.873649604039,triangle,45.75,59.0,41.0,32.25
166,x,381,752,25,25,star,809.4844038028157,25,875,heart,376.6497046328325,875,25,square,878.9567679926016,triangle,875.0,875.0,509.0825080475659,heart,21.25,27.125,45.0,20.25
167,x,796,813,25,25,triangle,1102.4450099664834,25,875,square,773.4888493055346,875,25,heart,791.9501246922056,star,875.0,875.0,100.42410069301094,star,20.75,17.5,18.375,43.25
168,x,253,242,25,25,triangle,314.75863768926183,25,875,heart,672.8097799526996,875,25,square,658.7662711462997,star,875.0,875.0,887.4530973521925,triangle,35.5,56.25,40.75,36.25
169,x,228,612,25,25,heart,621.1102961632499,25,875,star,332.2318467576521,875,25,triangle,873.6005952378924,square,875.0,875.0,698.4110537498673,star,29.625,20.125,23.875,42.75
170,x,503,272,25,25,triangle,538.0455371062936,25,875,square,769.4757955907385,875,25,heart,446.5344331627741,star,875.0,875.0,708.5146434619401,square,48.5,29.875,29.75,31.25
171,x,685,374,25,25,triangle,746.5929279064998,25,875,square,828.613902852227,875,25,heart,397.3675880088863,star,875.0,875.0,535.8180661381249,square,46.5,25.0,24.625,26.125
172,x,357,708,25,25,triangle,759.4162231609225,25,875,square,371.63557418524937,875,25,star,857.2123424216429,heart,875.0,875.0,544.2545360398938,square,42.75,21.25,24.5,17.75
173,x,764,71,25,25,star,740.430280310037,25,875,square,1092.033424396891,875,25,heart,120.15406776301832,triangle,875.0,875.0,811.6261454635379,heart,18.5,21.75,40.25,22.375
174,x,689,703,25,25,triangle,948.9889356573132,25,875,square,685.9154466842105,875,25,heart,703.0504960527373,star,875.0,875.0,253.33771926027916,square,45.75,26.375,24.5,29.0
175,x,476,514,25,25,square,665.2232707895898,25,875,triangle,577.6867663362214,875,25,heart,631.1275623833901,star,875.0,875.0,538.0724858232393,star,30.25,38.5,36.75,54.0
176,x,586,438,25,25,triangle,696.6275906106505,25,875,star,711.118836763589,875,25,heart,504.0734073525402,square,875.0,875.0,523.9179325047006,square,43.25,21.75,23.625,23.875
177,x,342,34,25,25,square,317.1277345171816,25,875,star,898.7602572432762,875,25,heart,533.0759795751446,triangle,875.0,875.0,995.6756499985324,heart,36.5,35.0,51.75,33.25
178,x,615,775,25,25,heart,954.2536350467836,25,875,square,598.4145720150872,875,25,star,793.7883848986454,triangle,875.0,875.0,278.5677655436824,square,48.0,31.625,25.375,16.75
179,x,550,229,25,25,triangle,563.2415112542753,25,875,square,832.4307779028836,875,25,star,383.7199499635118,heart,875.0,875.0,723.1465964795797,square,52.5,35.5,35.75,33.25
180,x,757,401,25,25,star,822.9216244576394,25,875,heart,872.066511224918,875,25,square,394.0812099047606,triangle,875.0,875.0,488.4669896727925,heart,29.625,40.5,51.25,28.625
181,x,370,155,25,25,star,368.6800781165155,25,875,square,798.3890029302759,875,25,heart,521.4642844912775,triangle,875.0,875.0,879.4458482476338,star,31.625,30.875,27.75,49.75
182,x,869,157,25,25,star,854.2599136094353,25,875,heart,1108.0884441234823,875,25,triangle,132.13629327327143,square,875.0,875.0,718.0250692002335,triangle,36.0,53.75,31.0,26.75
183,x,388,683,25,25,heart,751.4871921729605,25,875,star,410.6494855713325,875,25,triangle,818.6165158363225,square,875.0,875.0,523.481613812749,star,28.125,16.5,22.75,43.0
184,x,232,380,25,25,triangle,410.9428184066489,25,875,square,536.5389081883997,875,25,heart,734.4889379697968,star,875.0,875.0,811.4641088797458,square,47.0,27.25,25.25,26.75
185,x,557,552,25,25,square,748.8344276273627,25,875,star,622.3768954580496,875,25,heart,615.5103573458371,triangle,875.0,875.0,453.26923566463233,star,30.875,34.75,30.125,49.75
186,x,162,677,25,25,square,666.2379454819427,25,875,heart,240.77582935170216,875,25,triangle,966.1640647426296,star,875.0,875.0,739.9817565318756,heart,18.375,16.375,41.25,20.5
187,x,521,709,25,25,square,844.9094626053137,25,875,triangle,523.0411073711128,875,25,star,770.1766031242445,heart,875.0,875.0,390.98849087920735,triangle,23.625,46.25,29.75,20.75
188,x,632,227,25,25,star,639.7288488101815,25,875,heart,887.8924484418144,875,25,square,315.9952531289038,triangle,875.0,875.0,692.06430337072,triangle,32.75,54.0,39.0,32.5
189,x,551,397,25,25,heart,644.2515036847024,25,875,square,710.7460868692841,875,25,star,493.3153149862672,triangle,875.0,875.0,577.459955321579,heart,42.25,44.5,56.25,28.625
190,x,513,48,25,25,triangle,488.5417075337581,25,875,heart,960.2463225652052,875,25,star,362.7299270807415,square,875.0,875.0,902.7585502225942,triangle,36.25,55.5,37.0,30.5
191,x,402,422,25,25,star,547.4833330796473,25,875,heart,589.3538835029426,875,25,triangle,617.5257079668829,square,875.0,875.0,654.9335844190615,square,49.25,25.5,34.0,25.375
192,x,286,848,25,25,square,863.3944637302234,25,875,heart,262.39283526803854,875,25,triangle,1012.0523701864444,star,875.0,875.0,589.6185207403173,heart,17.375,18.5,41.0,22.625
193,x,33,598,25,25,heart,573.0558437011179,25,875,star,277.1154993860863,875,25,square,1018.4758220006992,triangle,875.0,875.0,886.3932535844348,star,18.375,19.625,20.875,40.5
194,x,207,138,25,25,triangle,214.2265156324025,25,875,star,759.1396445977512,875,25,square,677.490221331644,heart,875.0,875.0,994.6823613596453,triangle,36.75,57.5,37.75,39.5
195,x,745,755,25,25,heart,1025.3292154230269,25,875,star,729.9315036357864,875,25,square,741.4849964766651,triangle,875.0,875.0,176.91806012954132,triangle,23.0,44.25,25.25,25.25
196,x,343,490,25,25,heart,563.3373767113274,25,875,star,499.3485756463114,875,25,triangle,706.5755444395171,square,875.0,875.0,656.6955154407558,star,30.625,19.75,26.375,43.75
197,x,126,364,25,25,square,353.7258825701054,25,875,heart,520.8857840256345,875,25,star,822.144756110504,triangle,875.0,875.0,906.7094352657856,heart,23.75,25.5,45.0,22.625
198,x,695,113,25,25,triangle,675.7543932524597,25,875,star,1014.6644765635584,875,25,heart,200.3596765818911,square,875.0,875.0,782.9712638405065,square,49.0,30.625,31.125,27.625
199,x,511,484,25,25,triangle,668.4885937695572,25,875,star,623.7603706552701,875,25,heart,585.8131101298434,square,875.0,875.0,534.2068887612738,square,47.0,26.25,26.5,28.25
200,x,737,555,25,25,star,887.6057683453843,25,875,square,780.6048936561954,875,25,triangle,547.6714343472736,heart,875.0,875.0,348.4881633570931,heart,39.0,30.25,54.5,28.375
201,x,113,579,25,25,heart,560.9456301639224,25,875,square,308.8041450499005,875,25,triangle,942.1040282261828,star,875.0,875.0,817.4717120488024,square,42.25,20.125,22.625,19.375
202,x,484,664,25,25,star,786.7668015365163,25,875,heart,505.1752171276814,875,25,square,749.1341668886822,triangle,875.0,875.0,444.2994485704433,heart,17.625,24.375,42.25,19.5
203,x,219,728,25,25,star,729.2770392656004,25,875,heart,243.402958075698,875,25,square,961.5326307515518,triangle,875.0,875.0,672.2685475314162,heart,14.5625,20.25,41.75,17.25
204,x,182,762,25,25,triangle,753.5369931197804,25,875,heart,193.4373283521048,875,25,square,1011.6412407568208,star,875.0,875.0,702.1524051087484,heart,17.25,18.375,42.0,21.875
205,x,317,318,25,25,square,413.65807135845904,25,875,heart,628.8982429614508,875,25,star,630.2483637424218,triangle,875.0,875.0,788.4243781111794,heart,29.625,35.25,50.25,27.125
206,x,815,813,25,25,heart,1115.8153969183254,25,875,triangle,792.4291766460899,875,25,square,790.2809626961794,star,875.0,875.0,86.27861844049197,star,15.0625,21.875,18.875,44.0
207,x,726,751,25,25,star,1009.1962148165242,25,875,heart,711.8827150591592,875,25,triangle,741.1322419109831,square,875.0,875.0,193.84787850270635,square,43.25,16.875,24.0,13.6875
208,x,545,568,25,25,star,751.8304330099973,25,875,square,603.8617391423305,875,25,triangle,635.4124644669791,heart,875.0,875.0,450.7205342559844,heart,39.75,26.5,53.0,26.25
209,x,253,780,25,25,square,788.6754719147795,25,875,triangle,247.0,875,25,star,978.217256032626,heart,875.0,875.0,629.2130005014201,triangle,24.375,44.75,27.375,20.375
210,x,573,506,25,25,triangle,729.1536189308807,25,875,star,660.6549780331637,875,25,square,567.9480610055817,heart,875.0,875.0,476.82806125478817,star,29.125,27.5,36.25,49.25
211,x,109,132,25,25,star,136.03308421115798,25,875,triangle,747.7332412030376,875,25,square,773.4371338382972,heart,875.0,875.0,1067.148068451609,star,30.875,39.75,29.5,52.75
212,x,538,307,25,25,heart,585.3998633412891,25,875,triangle,765.3711517949968,875,25,square,439.4234859449367,star,875.0,875.0,660.4490896352269,triangle,35.75,56.25,38.25,38.75
213,x,740,757,25,25,triangle,1023.2541228844376,25,875,square,724.6716497835416,875,25,star,744.3446782237379,heart,875.0,875.0,179.30142219179413,heart,28.125,18.25,47.25,17.125
214,x,612,305,25,25,square,650.3606691675012,25,875,heart,818.2108530201735,875,25,triangle,384.14710723888055,star,875.0,875.0,627.7491537230457,star,28.25,33.0,37.0,52.25
215,x,81,661,25,25,heart,638.4606487482216,25,875,square,221.20578654275752,875,25,star,1017.3160767431132,triangle,875.0,875.0,822.3332657748925,square,40.5,18.125,18.125,10.0625
216,x,367,775,25,25,square,824.2960633170584,25,875,triangle,356.32008082621445,875,25,star,905.849877187164,heart,875.0,875.0,517.7489739246231,triangle,25.125,45.75,29.75,22.75
217,x,667,290,25,25,star,694.5422953283695,25,875,triangle,868.5556976958933,875,25,heart,336.8812847280181,square,875.0,875.0,620.8776046854967,triangle,36.0,51.0,30.0,26.5
218,x,176,422,25,25,heart,424.7469835090062,25,875,square,477.50392668542526,875,25,triangle,803.8718803391496,star,875.0,875.0,832.9525796826612,square,43.75,18.25,25.0,18.75
219,x,805,814,25,25,star,1109.4687918098464,25,875,square,782.3816204385172,875,25,heart,792.0991099603635,triangle,875.0,875.0,92.84934033152848,triangle,26.25,45.25,23.125,21.875
220,x,500,427,25,25,star,622.2772693904221,25,875,heart,652.9387413839065,875,25,square,549.7535811615965,triangle,875.0,875.0,584.233686122257,heart,29.375,38.25,52.25,31.375
221,x,618,255,25,25,star,636.0416653018889,25,875,triangle,857.9329810655375,875,25,square,344.88983748437704,heart,875.0,875.0,671.1549746519056,heart,35.5,42.75,56.75,34.0
222,x,111,530,25,25,square,512.2704363907799,25,875,star,355.557309023454,875,25,heart,915.8171214822312,triangle,875.0,875.0,838.2845578918891,star,23.625,22.375,22.0,42.25
223,x,345,787,25,25,square,826.4647602892696,25,875,triangle,331.87949620306466,875,25,star,928.193945250668,heart,875.0,875.0,537.2559911252736,triangle,24.375,44.0,27.25,21.0
224,x,413,612,25,25,triangle,703.6426649941005,25,875,square,468.7355331100897,875,25,heart,747.0026773713732,star,875.0,875.0,531.6135814668395,square,45.25,24.5,23.125,25.125
225,x,151,116,25,25,square,155.4252231782216,25,875,heart,769.3874186650052,875,25,triangle,729.6965122569793,star,875.0,875.0,1048.931360957427,square,44.25,23.25,26.625,21.0
226,x,526,238,25,25,heart,544.3987509170094,25,875,square,810.4134747152222,875,25,triangle,408.8642806604656,star,875.0,875.0,726.3401407054412,square,46.25,24.875,28.75,27.5
227,x,488,257,25,25,square,517.8735366863227,25,875,triangle,772.2001036000967,875,25,heart,451.21281010184094,star,875.0,875.0,729.1728190216637,heart,32.75,36.25,53.5,38.75
228,x,301,525,25,25,triangle,571.1182014259394,25,875,star,445.73086049767744,875,25,heart,761.2332099954651,square,875.0,875.0,672.2916033984063,square,43.5,22.0,23.125,24.875
229,x,687,185,25,25,star,681.0609370680424,25,875,heart,956.21336531132,875,25,triangle,246.8683859873516,square,875.0,875.0,715.1531304552893,square,47.5,28.375,30.0,25.125
230,x,342,832,25,25,star,867.0282579016672,25,875,square,319.9031103318628,875,25,triangle,967.1287401375268,heart,875.0,875.0,534.7317084295638,square,41.5,22.5,23.5,21.0
231,x,732,437,25,25,star,818.2866246004513,25,875,square,831.6808282027426,875,25,heart,436.1112243453498,triangle,875.0,875.0,460.7526451361945,square,57.5,45.0,38.0,35.0
232,x,477,653,25,25,square,773.7493134084191,25,875,heart,503.575217817557,875,25,star,743.4971418909423,triangle,875.0,875.0,455.7279890460976,heart,26.75,37.25,50.25,24.5
233,x,419,486,25,25,heart,606.4297156307564,25,875,star,553.6758979764245,875,25,square,648.4265571365812,triangle,875.0,875.0,599.3805135304284,star,18.375,19.625,22.25,42.5
234,x,766,621,25,25,heart,950.9453191430094,25,875,star,783.3243261893505,875,25,triangle,605.885302677,square,875.0,875.0,276.40007235889067,square,43.25,22.625,23.0,27.25
235,x,577,459,25,25,square,702.1823125086532,25,875,triangle,691.2018518493711,875,25,star,526.4598750142312,heart,875.0,875.0,511.7225810925291,triangle,27.25,49.5,32.75,24.125
236,x,300,765,25,25,heart,789.4460082868238,25,875,star,296.1840643923977,875,25,square,937.1365962334412,triangle,875.0,875.0,585.4271944486351,star,17.375,20.75,19.75,41.75
237,x,127,237,25,25,heart,235.26155657055403,25,875,square,646.1021591048896,875,25,star,777.4625392904793,triangle,875.0,875.0,983.1317307461904,square,43.25,24.125,29.875,18.375
238,x,327,830,25,25,heart,859.7842752690933,25,875,square,305.3342430845253,875,25,triangle,973.82185229127,star,875.0,875.0,549.8445234791377,square,41.25,21.5,20.875,19.625
239,x,202,820,25,25,heart,814.465468881278,25,875,square,185.34832073693036,875,25,triangle,1041.6112518593488,star,875.0,875.0,675.24365972588,square,44.5,26.25,25.25,25.375
240,x,288,518,25,25,triangle,558.7647089786541,25,875,star,443.4162829666949,875,25,heart,766.5624566856898,square,875.0,875.0,687.0356613742841,square,45.75,25.125,25.25,31.375
241,x,227,340,25,25,heart,374.20448955083367,25,875,triangle,571.8644944390236,875,25,star,720.5060721465156,square,875.0,875.0,840.3148219566283,triangle,35.0,54.5,36.75,25.125
242,x,460,623,25,25,star,739.4788705568267,25,875,square,502.72159293191294,875,25,heart,727.8935361713277,triangle,875.0,875.0,485.51930960570456,square,50.25,31.375,27.0,24.0
243,x,756,763,25,25,star,1038.7516546316544,25,875,triangle,739.5302563113967,875,25,heart,747.5326079844276,square,875.0,875.0,163.41664541900252,square,45.0,24.625,20.125,16.125
244,x,154,654,25,25,triangle,642.0918937348454,25,875,square,255.8945095151516,875,25,heart,956.8082357505082,star,875.0,875.0,754.1100715412837,square,45.5,24.75,20.875,17.125
245,x,104,282,25,25,star,268.8679973518604,25,875,square,598.2390826417144,875,25,heart,812.7053586632735,triangle,875.0,875.0,972.671578694474,square,46.25,25.125,24.0,25.0
246,x,704,628,25,25,square,908.10241713146,25,875,star,722.5302761822511,875,25,triangle,626.7774724732853,heart,875.0,875.0,300.416377715996,star,26.0,25.25,35.0,48.5
247,x,357,643,25,25,square,701.5326079377921,25,875,star,405.02839406639134,875,25,triangle,806.3795632330969,heart,875.0,875.0,567.5808312478497,star,18.75,17.625,25.25,43.5
248,x,748,458,25,25,square,842.744326590218,25,875,triangle,834.6364478022751,875,25,heart,451.2405123656341,star,875.0,875.0,435.91054128112114,star,31.625,40.75,35.75,54.0
249,x,642,370,25,25,triangle,706.9045197196011,25,875,heart,797.3167501062549,875,25,square,416.30998066344745,star,875.0,875.0,556.1600489067872,star,26.0,26.625,29.375,48.0
250,x,173,673,25,25,square,664.6863922181648,25,875,triangle,250.4156544627352,875,25,star,955.3575246995232,heart,875.0,875.0,730.4847705462448,triangle,23.625,45.0,27.625,20.75
251,x,503,93,25,25,square,482.8125930420623,25,875,heart,916.5195033385814,875,25,star,378.1639855935517,triangle,875.0,875.0,865.9722859306758,heart,35.5,39.25,51.75,33.25
252,x,85,334,25,25,square,314.77134558278965,25,875,star,544.3170032251427,875,25,triangle,848.2812033753902,heart,875.0,875.0,957.4868145306232,star,21.375,18.0,22.625,43.25
253,x,523,713,25,25,triangle,849.322082604709,25,875,star,523.6869293767031,875,25,heart,772.8182192469326,square,875.0,875.0,387.489354692487,square,44.25,21.75,21.25,27.0
254,x,539,46,25,25,heart,514.4288094576352,25,875,square,975.4163213725716,875,25,star,336.65561037950937,triangle,875.0,875.0,894.5037730496166,heart,28.875,30.625,45.75,26.0
255,x,590,323,25,25,heart,638.7714771340374,25,875,star,789.8917647374227,875,25,square,412.34572872772674,triangle,875.0,875.0,621.2318407808795,star,33.75,36.25,36.75,52.25
256,x,688,582,25,25,star,865.9203196599558,25,875,heart,724.8572273213532,875,25,triangle,587.5525508411993,square,875.0,875.0,347.588837565305,heart,34.75,25.375,52.75,23.5
257,x,832,726,25,25,square,1068.9480810591317,25,875,star,820.6399941509065,875,25,heart,702.3175919767352,triangle,875.0,875.0,155.08062419270823,triangle,20.25,44.25,26.0,25.625
258,x,246,505,25,25,square,528.4325879428709,25,875,triangle,430.9767975193096,875,25,heart,791.2275273270009,star,875.0,875.0,729.7540681626928,star,28.25,38.25,32.25,52.5
259,x,699,383,25,25,star,763.1775678045051,25,875,triangle,834.4698916078398,875,25,heart,398.9235515734813,square,875.0,875.0,522.5322956526228,square,53.75,40.75,33.0,26.25
260,x,419,355,25,25,square,513.9416309270928,25,875,star,652.4078478988431,875,25,heart,562.8818703777907,triangle,875.0,875.0,691.6183918896315,star,28.75,33.75,36.25,51.75
261,x,848,570,25,25,triangle,987.093713889416,25,875,heart,877.6981257812962,875,25,square,545.668397472311,star,875.0,875.0,306.19274975087177,star,25.875,19.75,22.75,41.5
262,x,157,582,25,25,square,572.4272879589163,25,875,heart,321.36116753584275,875,25,star,908.7205290957172,triangle,875.0,875.0,775.4824304908526,heart,28.25,27.625,46.75,26.5
263,x,107,48,25,25,star,85.16454661418682,25,875,triangle,831.0553531504385,875,25,square,768.3443238548717,heart,875.0,875.0,1128.6066631027836,star,22.125,22.0,20.0,42.25
264,x,707,701,25,25,square,960.260381354974,25,875,triangle,703.846574190711,875,25,star,696.56299069072,heart,875.0,875.0,241.8677324489565,triangle,23.5,48.0,36.25,23.625
265,x,843,512,25,25,star,951.9942226715456,25,875,triangle,894.9262539449829,875,25,heart,488.0502023357843,square,875.0,875.0,364.4077386664559,square,51.75,39.25,32.75,25.375
266,x,139,853,25,25,star,835.8109834167053,25,875,heart,116.10340218959992,875,25,square,1107.8267012488911,triangle,875.0,875.0,736.3287309347639,heart,16.125,24.875,43.5,18.125
267,x,283,837,25,25,heart,852.0023474146066,25,875,star,260.78343505675355,875,25,triangle,1004.8920340016632,square,875.0,875.0,593.2183409167319,star,26.25,17.5,22.25,42.5
268,x,530,529,25,25,heart,713.4710926169329,25,875,star,612.1609265544478,875,25,square,610.7708244505462,triangle,875.0,875.0,488.6112974543262,star,20.25,23.625,24.625,43.25
269,x,388,81,25,25,star,367.2941600406954,25,875,heart,873.043526979039,875,25,square,490.2091390416952,triangle,875.0,875.0,931.4531657576778,star,35.0,36.0,37.25,50.75
270,x,651,457,25,25,triangle,760.5918747922568,25,875,heart,752.7283706623525,875,25,square,486.6210024238576,star,875.0,875.0,474.2362280551751,star,23.875,20.375,22.5,42.0
271,x,566,608,25,25,star,795.3426934347232,25,875,heart,603.2992623897364,875,25,triangle,659.8257345693634,square,875.0,875.0,408.3748278236552,square,43.5,21.0,26.125,16.5
272,x,548,243,25,25,square,566.6153898368805,25,875,heart,820.3371258208421,875,25,star,393.0050890255748,triangle,875.0,875.0,711.5848508786567,star,35.75,35.0,34.75,50.0
273,x,167,329,25,25,star,335.5294323900662,25,875,heart,564.1630969852602,875,25,square,770.5063270343729,triangle,875.0,875.0,894.0805332854529,heart,19.5,23.5,42.5,22.125
274,x,552,418,25,25,square,657.4024642484998,25,875,star,697.5514317955343,875,25,triangle,508.7022704883476,heart,875.0,875.0,559.623087443683,star,25.125,22.375,33.0,46.0
275,x,723,795,25,25,triangle,1039.2805203601192,25,875,star,702.5695695089562,875,25,heart,784.8592230457638,square,875.0,875.0,171.7672844286711,square,41.25,17.125,18.375,19.75
276,x,52,482,25,25,triangle,457.7968981983168,25,875,heart,393.92638906272833,875,25,square,941.3702778397032,star,875.0,875.0,912.0186401603862,heart,32.5,38.75,52.5,26.625
277,x,81,852,25,25,heart,828.893841212492,25,875,triangle,60.53924347066124,875,25,square,1146.4575875277724,star,875.0,875.0,794.3330535738771,triangle,23.125,46.75,25.375,24.375
278,x,191,327,25,25,heart,344.61572802180694,25,875,triangle,572.5906041841763,875,25,square,747.7031496523202,star,875.0,875.0,876.4473743471424,triangle,29.875,52.25,34.75,29.625
279,x,207,487,25,25,star,496.5561398271096,25,875,square,428.56504757154426,875,25,heart,812.1994828858241,triangle,875.0,875.0,772.5076051405579,square,53.25,34.25,32.75,33.0
280,x,206,850,25,25,triangle,844.6218088588525,25,875,square,182.7183625145541,875,25,heart,1062.161004744573,star,875.0,875.0,669.4669521343081,square,43.25,22.625,20.375,22.5
281,x,620,260,25,25,heart,639.7265040624783,25,875,triangle,855.716074407861,875,25,square,346.77081768799405,star,875.0,875.0,665.7702306351644,triangle,36.0,55.0,35.75,33.75
282,x,704,718,25,25,star,970.2010101004844,25,875,triangle,696.9146289180619,875,25,square,713.7856821203407,heart,875.0,875.0,232.14219780126143,heart,25.875,37.25,51.0,23.25
283,x,271,814,25,25,heart,826.4605253731119,25,875,square,253.45019234555733,875,25,triangle,993.648328132242,star,875.0,875.0,607.0724833164488,square,40.75,21.125,21.875,17.125
284,x,359,327,25,25,star,450.2887962186046,25,875,triangle,641.7631962024622,875,25,square,597.8795865389619,heart,875.0,875.0,752.7018001838444,triangle,31.75,54.75,41.75,31.0
285,x,199,339,25,25,star,358.98746496221844,25,875,heart,563.5352695262294,875,25,square,745.3670236869888,triangle,875.0,875.0,862.7120029302943,heart,20.625,25.375,44.25,25.125
286,x,381,581,25,25,square,660.2060284486957,25,875,triangle,461.7055338633056,875,25,heart,743.7553361153115,star,875.0,875.0,574.8669411263793,triangle,23.375,45.0,26.625,25.375
287,x,167,508,25,25,heart,503.4411584286688,25,875,triangle,393.51365922925726,875,25,square,857.0606746316156,star,875.0,875.0,797.4666137212266,triangle,26.125,48.75,29.5,27.875
288,x,247,873,25,25,heart,876.5774352560074,25,875,star,222.00900882621855,875,25,square,1055.2194084644198,triangle,875.0,875.0,628.0031847053007,star,18.25,25.125,24.75,44.75
289,x,742,333,25,25,heart,780.3544066640491,25,875,triangle,898.8064307736121,875,25,star,335.4891950570092,square,875.0,875.0,558.0797434059043,square,52.75,39.25,35.5,37.0
290,x,223,156,25,25,triangle,237.4131420119788,25,875,star,745.7647082022587,875,25,heart,665.0300745079128,square,875.0,875.0,970.6003296929174,square,53.0,36.25,28.625,31.875
291,x,451,538,25,25,square,666.8170663682806,25,875,triangle,543.1804488381371,875,25,heart,665.5411332141688,star,875.0,875.0,541.6133307074338,star,30.25,38.75,33.75,53.0
292,x,502,96,25,25,triangle,482.2551192055923,25,875,star,913.4385584153978,875,25,square,379.6972478172577,heart,875.0,875.0,863.6955482112895,square,54.25,38.5,39.5,35.25
293,x,745,439,25,25,square,830.5395836442716,25,875,star,841.7220443828236,875,25,heart,433.9308700703373,triangle,875.0,875.0,454.9681307520341,triangle,26.125,51.0,34.0,30.375
294,x,375,640,25,25,heart,707.6192479010164,25,875,triangle,421.5744299646268,875,25,square,792.6064597263891,star,875.0,875.0,552.4717187331855,triangle,27.125,47.5,28.25,27.375
295,x,803,307,25,25,heart,827.5312682914163,25,875,square,963.2798139689216,875,25,triangle,291.0463880552377,star,875.0,875.0,572.5451947226525,square,47.0,28.875,30.375,31.75
296,x,476,403,25,25,star,588.4598541956792,25,875,heart,652.8284613893607,875,25,triangle,549.6225977887008,square,875.0,875.0,618.0493507803402,square,47.0,24.375,30.375,22.25
297,x,870,111,25,25,square,849.3650569690279,25,875,triangle,1139.1755790921784,875,25,star,86.14522621712709,heart,875.0,875.0,764.016361081358,star,23.0,24.0,23.5,43.5
298,x,367,143,25,25,square,361.78446622263925,25,875,heart,807.9529689282663,875,25,triangle,521.5246878144887,star,875.0,875.0,891.0039281619357,heart,37.75,35.5,51.0,37.25
299,x,788,860,25,25,square,1131.1030014989792,25,875,star,763.1474300552941,875,25,heart,839.5201010100949,triangle,875.0,875.0,88.28363381737297,triangle,22.5,47.25,28.5,26.75
300,x,664,240,25,25,heart,674.2002669830382,25,875,star,900.858479451684,875,25,triangle,301.24076749337894,square,875.0,875.0,669.1382517835907,square,47.5,27.125,31.125,33.0
301,x,240,527,25,25,triangle,546.1034700494038,25,875,heart,409.0586754977824,875,25,square,809.4621671208606,star,875.0,875.0,724.1056552741458,heart,29.125,28.75,51.5,34.75
302,x,797,309,25,25,square,822.581302972539,25,875,star,957.256496452231,875,25,triangle,294.5165530152762,heart,875.0,875.0,571.349280213076,star,25.0,26.5,33.5,49.25
303,x,644,687,25,25,square,906.3139632599732,25,875,heart,646.9196240646901,875,25,star,701.1454913211666,triangle,875.0,875.0,297.83384629689084,triangle,25.375,49.75,36.0,24.75
304,x,387,193,25,25,heart,399.0839510679426,25,875,star,772.119161787868,875,25,square,516.108515721258,triangle,875.0,875.0,838.6107559529629,star,21.375,23.375,28.125,46.0
305,x,507,844,25,25,triangle,950.3078448587067,25,875,star,482.9958591955008,875,25,heart,897.8780540808423,square,875.0,875.0,369.3033983055125,square,42.5,20.0,19.75,24.25
306,x,204,651,25,25,square,651.0890876062967,25,875,star,286.7350693584585,875,25,heart,917.6693304235464,triangle,875.0,875.0,707.4015832608802,star,21.125,24.375,23.625,44.75
307,x,643,230,25,25,heart,651.113661352609,25,875,star,893.2799113379859,875,25,square,309.594896598765,triangle,875.0,875.0,685.4553231247096,star,27.75,28.75,29.75,48.0
308,x,418,752,25,25,heart,826.4248302174857,25,875,triangle,411.7984944120121,875,25,square,858.707167781893,star,875.0,875.0,473.2631403352685,triangle,25.25,45.25,27.5,24.5
309,x,485,123,25,25,square,470.3232930655253,25,875,star,881.5350248288494,875,25,triangle,402.1243588742169,heart,875.0,875.0,847.1151043394281,star,29.25,26.0,29.875,48.0
310,x,846,427,25,25,heart,914.1362042934302,25,875,square,935.2780335279986,875,25,star,403.0446625375406,triangle,875.0,875.0,448.9376348670269,star,30.375,36.75,33.5,48.25
311,x,722,709,25,25,heart,976.5577299883504,25,875,triangle,716.4949406660176,875,25,square,700.9029890077513,star,875.0,875.0,225.75429121059915,star,19.75,28.375,22.25,46.0
312,x,760,255,25,25,square,770.1460900374682,25,875,triangle,961.5742301039478,875,25,star,257.14781741247583,heart,875.0,875.0,630.5751343020116,star,25.0,31.625,29.875,49.0
313,x,581,585,25,25,square,789.1362366537226,25,875,triangle,627.0853211485659,875,25,star,632.483991892285,heart,875.0,875.0,412.9600464936045,triangle,26.25,51.25,39.25,27.0
314,x,827,57,25,25,square,802.6381501025229,25,875,star,1145.5688543252213,875,25,heart,57.68882040742383,triangle,875.0,875.0,819.4071027273318,heart,26.0,25.375,47.25,28.75
315,x,665,763,25,25,triangle,976.8541344540648,25,875,star,649.7260961359025,875,25,heart,767.2965528399043,square,875.0,875.0,238.0,square,41.25,19.25,18.75,20.5
316,x,607,589,25,25,square,810.4443225786704,25,875,star,648.475134450042,875,25,heart,624.4357452933008,triangle,875.0,875.0,391.9438735329333,star,29.5,37.75,33.0,52.0
317,x,392,344,25,25,square,486.2612466565684,25,875,triangle,645.4843142943134,875,25,star,578.8350369492158,heart,875.0,875.0,717.8091668403239,triangle,34.0,56.0,41.0,30.5
318,x,560,256,25,25,square,582.7400792806343,25,875,triangle,818.1601310257057,875,25,heart,390.6225799925037,star,875.0,875.0,694.5401356293241,heart,35.75,42.75,56.75,39.75
319,x,821,219,25,25,star,819.2997009641832,25,875,square,1031.4804893937646,875,25,heart,201.37527157027003,triangle,875.0,875.0,658.2188086039474,heart,29.375,34.25,48.5,26.0
320,x,521,722,25,25,star,855.4677083326991,25,875,triangle,519.0616533707725,875,25,square,781.74484328328,heart,875.0,875.0,385.6488039654732,triangle,24.625,47.25,31.375,20.875
321,x,810,420,25,25,triangle,878.7775600230128,25,875,square,907.331251528349,875,25,heart,400.3123780249619,star,875.0,875.0,459.6194077712559,star,29.625,25.375,25.5,46.75
322,x,75,405,25,25,triangle,383.275357934736,25,875,heart,472.65209192385896,875,25,star,885.6635930193811,square,875.0,875.0,927.8469701410896,square,49.25,29.375,36.75,19.375
323,x,757,244,25,25,heart,764.0582438531765,25,875,square,966.4289937703649,875,25,triangle,248.766959220874,star,875.0,875.0,641.938470571752,triangle,39.0,54.75,37.0,35.5
324,x,86,339,25,25,heart,319.8702862098948,25,875,star,539.4599151002787,875,25,square,849.1860809033553,triangle,875.0,875.0,953.8432785316464,star,16.375,17.0,22.125,42.0
325,x,777,123,25,25,star,758.3587541526767,25,875,heart,1063.4885989045674,875,25,triangle,138.59292911256333,square,875.0,875.0,758.3587541526767,triangle,29.5,48.75,26.125,23.875
326,x,324,660,25,25,heart,701.8732079229126,25,875,star,368.27435425236985,875,25,triangle,840.729445184359,square,875.0,875.0,591.4609031880299,star,29.125,17.125,22.75,41.25
327,x,306,676,25,25,heart,709.0571204070939,25,875,triangle,344.32833168358366,875,25,square,864.6166780718494,star,875.0,875.0,602.7951559194881,triangle,24.125,45.5,26.375,24.5
328,x,235,351,25,25,triangle,387.7834447214064,25,875,square,564.5139502262101,875,25,heart,718.2450835195463,star,875.0,875.0,827.149321464994,square,52.25,33.5,29.5,30.25
329,x,801,78,25,25,triangle,777.8078168802368,25,875,star,1112.378083207324,875,25,heart,91.02197536858888,square,875.0,875.0,800.42801050438,heart,28.875,29.0,49.0,24.25
330,x,394,591,25,25,square,675.6604176655608,25,875,triangle,465.63612402819433,875,25,heart,742.7765478257912,star,875.0,875.0,558.5848189845477,triangle,27.5,51.5,33.5,36.5
331,x,498,418,25,25,triangle,614.9617874307313,25,875,square,657.70662152665,875,25,star,544.5897538514657,heart,875.0,875.0,592.4339625646052,heart,36.75,30.125,53.0,27.75
332,x,455,266,25,25,square,492.93102965830826,25,875,star,745.5072098913598,875,25,triangle,484.2323822298546,heart,875.0,875.0,739.7844280599586,star,28.625,26.25,35.25,49.5
333,x,570,623,25,25,star,809.0914657812181,25,875,triangle,600.4406715071856,875,25,square,671.289058453957,heart,875.0,875.0,395.63746030930895,triangle,25.75,47.0,31.125,22.375
334,x,289,125,25,25,triangle,282.3047998175022,25,875,square,795.1075398963337,875,25,star,594.4711935830028,heart,875.0,875.0,951.7856901634948,triangle,42.75,58.25,34.25,28.875
335,x,759,316,25,25,triangle,789.5802682438309,25,875,square,922.6250592738093,875,25,star,313.2682556532021,heart,875.0,875.0,570.9089244354129,heart,40.25,35.25,54.25,36.0
336,x,632,742,25,25,square,939.4349365443036,25,875,heart,621.400032185387,875,25,star,757.0587823940754,triangle,875.0,875.0,277.01624501101014,heart,22.75,35.0,48.75,21.5
337,x,411,373,25,25,star,519.7114584074513,25,875,heart,633.2456079595025,875,25,triangle,580.0,square,875.0,875.0,683.593446428504,heart,34.5,24.0,48.5,27.75
338,x,534,398,25,25,triangle,631.0388260638168,25,875,star,697.5743687951845,875,25,heart,505.38104436157874,square,875.0,875.0,586.3531359172559,square,48.75,29.5,31.0,26.625
339,x,716,353,25,25,square,764.8954176879347,25,875,heart,866.0051962892602,875,25,star,364.5065157167976,triangle,875.0,875.0,545.6784767608119,heart,31.375,41.5,53.0,30.875
340,x,597,511,25,25,square,750.5864373941218,25,875,heart,677.9970501410754,875,25,triangle,559.8928468912601,star,875.0,875.0,458.0174669158372,star,22.125,24.25,30.375,46.75
341,x,138,437,25,25,star,427.2154023440634,25,875,square,452.3416850125577,875,25,triangle,844.3417554521392,heart,875.0,875.0,857.3289916945537,square,46.0,21.0,24.125,19.625
342,x,708,175,25,25,star,699.2774842650091,25,875,square,978.0025562338782,875,25,triangle,224.4749429223672,heart,875.0,875.0,719.6450513968674,triangle,36.25,54.0,36.25,30.75
343,x,31,805,25,25,star,780.0230765817124,25,875,heart,70.25667228100119,875,25,triangle,1149.2327875587262,square,875.0,875.0,846.8978686949212,heart,20.125,15.3125,43.0,21.625
344,x,732,448,25,25,square,823.8798456085693,25,875,star,825.9406758357406,875,25,triangle,446.51763682972256,heart,875.0,875.0,450.308782947879,heart,21.125,23.75,47.5,34.0
345,x,471,390,25,25,square,576.316753183525,25,875,heart,658.8937698901091,875,25,star,544.4639565664563,triangle,875.0,875.0,631.2218310546618,heart,38.75,41.0,57.25,34.25
346,x,839,563,25,25,star,975.725371198269,25,875,triangle,871.745375668836,875,25,square,539.2031157180011,heart,875.0,875.0,314.0700558792576,triangle,35.5,52.25,38.25,24.125
347,x,117,105,25,25,star,121.91800523302535,25,875,triangle,775.4766276297436,875,25,square,762.2099448314749,heart,875.0,875.0,1080.4924803070126,star,18.5,23.25,19.75,45.25
348,x,226,86,25,25,square,210.05237442123808,25,875,triangle,814.2002210758727,875,25,star,651.8604145060506,heart,875.0,875.0,1021.6271335472644,triangle,29.0,47.0,28.25,24.5
349,x,237,677,25,25,square,685.6004667442985,25,875,star,290.08274681545606,875,25,heart,912.2214643385672,triangle,875.0,875.0,668.017963830315,star,19.0,23.75,22.75,43.75
350,x,732,363,25,25,square,783.640861619658,25,875,triangle,872.9221041994526,875,25,star,367.0054495508207,heart,875.0,875.0,531.5947704784162,heart,22.25,31.375,48.75,23.75
351,x,464,545,25,25,triangle,680.5299405610307,25,875,star,549.200327749356,875,25,square,662.8129449550604,heart,875.0,875.0,527.0872793001174,heart,27.375,29.25,51.75,34.25
352,x,126,598,25,25,star,581.8333094624267,25,875,square,294.838939083697,875,25,triangle,943.0429470602068,heart,875.0,875.0,798.5799897317738,square,44.5,19.375,24.125,18.5
353,x,34,576,25,25,square,551.0734978203906,25,875,triangle,299.13542083812143,875,25,heart,1005.4262777548636,star,875.0,875.0,892.5704453991293,triangle,26.125,46.25,28.25,25.75
354,x,711,332,25,25,triangle,751.5617073800394,25,875,heart,874.897136810951,875,25,star,348.05890306096177,square,875.0,875.0,567.2257046361703,square,43.0,19.25,24.375,17.75
355,x,662,97,25,25,star,641.0561597863326,25,875,heart,1005.5113127160728,875,25,square,224.8399430706208,triangle,875.0,875.0,806.6306465787176,triangle,37.0,54.75,41.75,34.75
356,x,318,382,25,25,square,461.84196431246914,25,875,heart,573.4962946698087,875,25,triangle,661.5874847667541,star,875.0,875.0,743.8400365670028,heart,28.0,24.25,49.5,33.75
357,x,756,467,25,25,heart,854.2394277952757,25,875,square,837.1529131526689,875,25,triangle,457.7390086064328,star,875.0,875.0,425.0,star,38.0,38.0,35.25,50.75
358,x,535,425,25,25,square,648.1512169239521,25,875,star,680.147042925278,875,25,triangle,524.9761899362675,heart,875.0,875.0,564.0035460881429,star,23.25,23.875,32.75,47.5
359,x,81,398,25,25,square,377.18032822510776,25,875,triangle,480.2759623383207,875,25,star,877.2485394687186,heart,875.0,875.0,926.264001243706,triangle,24.875,46.25,27.5,22.25
360,x,499,444,25,25,heart,632.6428692398264,25,875,triangle,640.6535725335495,875,25,square,562.9715800997418,star,875.0,875.0,571.9589146083833,star,30.0,34.75,37.0,52.75
361,x,866,737,25,25,triangle,1101.9187810360615,25,875,star,852.2470299156225,875,25,heart,712.0568797504874,square,875.0,875.0,138.2931668593933,square,48.0,20.25,20.375,22.375
362,x,62,262,25,25,triangle,239.87079855622275,25,875,heart,614.115624292364,875,25,square,846.8400085021964,star,875.0,875.0,1018.2033195781676,triangle,34.5,54.75,40.75,24.625
363,x,516,27,25,25,triangle,491.0040733028597,25,875,heart,979.8902999826053,875,25,star,359.0055709874152,square,875.0,875.0,920.8610101421386,triangle,27.5,47.25,28.625,23.75
364,x,547,161,25,25,heart,539.4256204519767,25,875,triangle,884.4659405539594,875,25,square,355.0774563387544,star,875.0,875.0,785.7353243936535,triangle,40.5,59.5,43.5,36.5
365,x,675,793,25,25,star,1006.1431309709368,25,875,triangle,655.1518907856406,875,25,heart,793.6145159962739,square,875.0,875.0,216.15735009478627,triangle,36.25,52.25,28.625,22.25
366,x,592,256,25,25,triangle,612.2499489587566,25,875,star,839.4343333459741,875,25,square,365.3080891521566,heart,875.0,875.0,680.6247130394253,square,52.0,36.25,38.25,37.25
367,x,472,836,25,25,triangle,926.0291572083462,25,875,square,448.6981167778621,875,25,star,905.6102914609572,heart,875.0,875.0,404.88269906233336,square,42.75,22.0,24.25,16.625
368,x,519,272,25,25,star,552.3087904424481,25,875,heart,779.515875399597,875,25,square,433.2955111699174,triangle,875.0,875.0,700.2463852102344,heart,26.75,32.0,50.0,30.25
369,x,71,683,25,25,heart,659.605942968982,25,875,triangle,197.43353311937665,875,25,star,1038.932144078717,square,875.0,875.0,826.6075247661371,triangle,29.5,47.0,27.375,18.875
370,x,359,419,25,25,star,516.5191187168197,25,875,heart,565.2362337996389,875,25,square,649.2241523541772,triangle,875.0,875.0,688.6160032993715,heart,22.625,29.75,47.75,29.5
371,x,624,258,25,25,heart,642.7207791879767,25,875,star,859.9360441335158,875,25,triangle,342.47627655065395,square,875.0,875.0,666.1005930037895,square,47.25,26.5,29.0,29.75
372,x,582,684,25,25,star,862.8615184373447,25,875,heart,588.8378384580936,875,25,square,721.2003882417147,triangle,875.0,875.0,349.7570585420686,heart,25.5,38.5,51.25,23.375
373,x,454,426,25,25,square,587.2324922890422,25,875,heart,621.0008051524571,875,25,star,581.413794126008,triangle,875.0,875.0,615.5014216068067,heart,26.625,31.25,48.5,25.25
374,x,795,756,25,25,square,1061.72548241059,25,875,triangle,779.1411938795176,875,25,star,735.3645354516357,heart,875.0,875.0,143.39107364128355,heart,19.0,29.125,45.0,21.75
375,x,501,63,25,25,square,477.514397688698,25,875,heart,941.2332335824102,875,25,star,375.9255245391034,triangle,875.0,875.0,893.9910514093527,triangle,37.5,51.25,36.25,37.5
376,x,532,836,25,25,star,956.4360930036048,25,875,triangle,508.4977876058066,875,25,heart,880.55096388568,square,875.0,875.0,345.21008096520006,triangle,39.75,51.75,27.75,21.25
377,x,73,817,25,25,triangle,793.4532122311939,25,875,heart,75.28612089887484,875,25,square,1127.150389256021,star,875.0,875.0,804.0945218069826,heart,18.0,21.25,47.25,23.5
378,x,614,758,25,25,heart,940.3244121046736,25,875,square,600.5081181799294,875,25,star,778.0809726500192,triangle,875.0,875.0,286.02447447727263,square,47.25,31.375,26.125,16.625
379,x,752,746,25,25,triangle,1023.899409121814,25,875,heart,738.3562825628288,875,25,star,731.4164340510814,square,875.0,875.0,178.24140933015536,square,46.0,19.375,20.25,16.25
380,x,74,479,25,25,square,456.6366170162003,25,875,triangle,399.02004962156974,875,25,star,920.715482654658,heart,875.0,875.0,893.5418289033815,triangle,27.875,47.5,29.875,23.375
381,x,356,521,25,25,square,596.3027754421406,25,875,star,484.6411043236015,875,25,heart,717.8976250134834,triangle,875.0,875.0,628.2332369430958,star,21.875,25.125,25.375,45.25
382,x,271,419,25,25,heart,464.4911193984229,25,875,square,518.1235373923868,875,25,star,721.1463097042098,triangle,875.0,875.0,756.803805487261,square,44.5,26.375,26.75,15.5
383,x,142,136,25,25,heart,161.27616066858735,25,875,square,748.2045174950496,875,25,star,741.3568641349455,triangle,875.0,875.0,1040.8698285568662,heart,31.0,25.375,47.0,18.625
384,x,217,455,25,25,star,470.9182519291432,25,875,heart,461.8051537174526,875,25,square,786.0432558072107,triangle,875.0,875.0,780.6177041292364,heart,26.375,30.25,50.75,34.25
385,x,362,766,25,25,star,814.0331688573875,25,875,heart,354.18921496849674,875,25,triangle,901.249133147988,square,875.0,875.0,524.4520950477746,heart,25.5,17.5,44.75,19.625
386,x,471,285,25,25,heart,516.2518765099068,25,875,star,739.6053001432589,875,25,triangle,480.4331379078675,square,875.0,875.0,715.0636335320095,square,50.75,30.0,37.0,33.25
387,x,782,219,25,25,triangle,781.46337086264,25,875,heart,1001.6910701408892,875,25,star,215.13948963405116,square,875.0,875.0,662.5594312965442,square,47.0,27.875,25.375,31.25
388,x,681,161,25,25,triangle,669.9492518094188,25,875,heart,969.6040428958617,875,25,square,236.92192806914264,star,875.0,875.0,739.8864777788549,star,29.375,30.0,31.375,49.25
389,x,210,126,25,25,star,210.77476129745705,25,875,heart,771.5089111604609,875,25,triangle,672.6261963379065,square,875.0,875.0,1001.6117012096056,star,33.0,23.375,29.5,44.5
390,x,67,156,25,25,heart,137.56816492197603,25,875,square,720.2256590819297,875,25,star,818.5505482253371,triangle,875.0,875.0,1081.58448583548,heart,22.125,15.625,40.75,15.6875
391,x,655,205,25,25,heart,655.2098900352466,25,875,triangle,919.6738552334735,875,25,star,284.2534080710379,square,875.0,875.0,705.1950084905593,triangle,42.75,55.0,41.0,38.25
392,x,466,760,25,25,triangle,857.1499285422592,25,875,star,455.7477372406801,875,25,square,841.1337586852641,heart,875.0,875.0,424.8599769335775,star,27.625,25.25,34.25,47.75
393,x,707,165,25,25,heart,696.2212292080729,25,875,square,984.491747045144,875,25,triangle,218.6869909253863,star,875.0,875.0,729.6053727872348,triangle,37.5,56.25,37.25,33.5
394,x,717,840,25,25,heart,1069.1534033991568,25,875,square,692.8845502679361,875,25,star,830.174078130605,triangle,875.0,875.0,161.8301578816507,triangle,26.25,43.75,24.0,19.75
395,x,444,492,25,25,star,627.4153329334564,25,875,heart,567.6706791793989,875,25,triangle,635.4919354327009,square,875.0,875.0,576.584772605035,square,47.5,25.25,33.0,23.125
396,x,861,188,25,25,star,851.7423319290875,25,875,triangle,1082.0651551547162,875,25,heart,163.6001222493431,square,875.0,875.0,687.1426343925983,heart,24.625,26.375,44.0,24.375
397,x,209,513,25,25,star,521.5361924162119,25,875,heart,406.0788100849391,875,25,square,825.6512580987205,triangle,875.0,875.0,758.023746329889,heart,20.0,25.0,43.25,21.875
398,x,781,545,25,25,heart,917.5707057224528,25,875,square,824.8854465924344,875,25,triangle,528.4278569492717,star,875.0,875.0,343.1267987202399,star,26.875,25.625,24.125,44.25
399,x,29,677,25,25,heart,652.012269823199,25,875,square,198.04039991880444,875,25,triangle,1068.0917563580388,star,875.0,875.0,868.8613238025962,square,40.25,15.625,20.625,12.875
400,x,118,157,25,25,triangle,161.47135968957468,25,875,star,723.9979281738312,875,25,heart,768.4224098762347,square,875.0,875.0,1043.34701801462,triangle,29.5,49.5,25.75,27.125
401,x,641,391,25,25,heart,716.5277384721404,25,875,square,783.3977278496536,875,25,star,434.4099446375509,triangle,875.0,875.0,537.598363092746,triangle,34.25,52.75,34.75,28.625
402,x,410,512,25,25,triangle,620.8010953598584,25,875,heart,529.1445927154505,875,25,star,673.3453794302,square,875.0,875.0,589.9101626519075,square,46.25,25.75,28.375,23.875
403,x,814,220,25,25,triangle,812.7398107635678,25,875,heart,1025.4491698763036,875,25,square,204.31837900688228,star,875.0,875.0,657.8343256474232,square,48.5,31.125,28.25,33.75
404,x,532,368,25,25,square,612.1258040631844,25,875,heart,717.0062761231592,875,25,star,485.0752518939716,triangle,875.0,875.0,612.1258040631844,heart,34.0,42.25,54.0,33.0
405,x,311,865,25,25,star,887.3533681685104,25,875,square,286.174771774173,875,25,heart,1011.7786319151044,triangle,875.0,875.0,564.0886455159331,triangle,40.5,53.0,33.25,30.625
406,x,651,689,25,25,square,912.5634224534753,25,875,star,653.0482371157585,875,25,heart,700.7652959443697,triangle,875.0,875.0,291.15631540462937,star,29.375,38.75,32.75,52.0
407,x,262,276,25,25,star,345.21008096520006,25,875,triangle,644.1816513996654,875,25,heart,662.3971618296684,square,875.0,875.0,857.0705921917984,triangle,38.75,54.5,32.5,26.75
408,x,603,156,25,25,star,592.6592612960671,25,875,square,922.5210024709464,875,25,heart,301.9023020780067,triangle,875.0,875.0,768.7294712706155,triangle,38.25,52.75,39.0,37.0
409,x,403,765,25,25,square,830.9536689852208,25,875,star,393.68007315585584,875,25,triangle,877.7152157733168,heart,875.0,875.0,484.6483261087363,star,21.625,21.875,27.75,45.5
410,x,757,524,25,25,star,885.9034936154163,25,875,heart,811.8035476640885,875,25,triangle,512.7621280866987,square,875.0,875.0,370.3039292257105,square,45.75,23.625,28.625,21.375
411,x,844,731,25,25,star,1081.294132047335,25,875,heart,831.5629861892603,875,25,square,706.68026716472,triangle,875.0,875.0,147.29901561110313,triangle,21.125,44.75,27.25,19.625
412,x,85,390,25,25,heart,369.8986347636336,25,875,square,488.6972477925367,875,25,star,870.2442185961364,triangle,875.0,875.0,926.9978425001862,square,45.25,24.25,29.375,17.125
413,x,473,513,25,25,triangle,662.4560362771253,25,875,heart,575.9756939316103,875,25,star,632.2562771534973,square,875.0,875.0,540.9695000644676,square,48.75,27.625,33.0,24.125
414,x,27,214,25,25,triangle,189.010581714358,25,875,star,661.0030257116831,875,25,heart,868.80665282904,square,875.0,875.0,1075.186030415202,triangle,28.0,47.25,23.75,21.125
415,x,210,372,25,25,square,393.2352985173127,25,875,heart,535.9421610584485,875,25,star,750.0893280136706,triangle,875.0,875.0,833.8069320891977,heart,27.5,32.75,49.25,25.625
416,x,36,687,25,25,star,662.091383420748,25,875,triangle,188.32153355365392,875,25,square,1068.7211984423252,heart,875.0,875.0,859.8052104982849,triangle,22.625,45.0,24.5,21.25
417,x,230,262,25,25,square,313.35921878891645,25,875,triangle,646.3698631588574,875,25,heart,687.1637359465356,star,875.0,875.0,889.828073281575,triangle,34.25,58.25,38.25,37.5
418,x,492,531,25,25,star,688.5673532778039,25,875,triangle,580.0215513237417,875,25,square,634.606177089382,heart,875.0,875.0,514.8057886232439,triangle,32.0,55.5,40.5,28.625
419,x,102,843,25,25,star,821.6160903974557,25,875,square,83.38465086573187,875,25,triangle,1125.456796149901,heart,875.0,875.0,773.6620709327814,square,44.0,21.875,25.25,18.375
420,x,778,218,25,25,triangle,777.3403373040666,25,875,square,999.3287747283172,875,25,star,216.00462958001617,heart,875.0,875.0,664.1219767482477,star,22.375,21.25,23.25,44.0
421,x,576,772,25,25,square,928.2294974843236,25,875,heart,560.5443782609901,875,25,triangle,804.6179217491989,star,875.0,875.0,316.24357700987383,heart,17.875,22.125,43.25,26.0
422,x,713,480,25,25,square,824.8448338930177,25,875,star,793.3278011011589,875,25,heart,482.9792956224935,triangle,875.0,875.0,426.9297366077936,triangle,31.5,56.25,39.0,37.5
423,x,814,664,25,25,square,1015.3038953929016,25,875,triangle,816.7263923738476,875,25,heart,641.904977391514,star,875.0,875.0,219.6406155518601,star,14.125,20.0,19.625,41.0
424,x,165,755,25,25,square,743.3034373659252,25,875,triangle,184.39088914585776,875,25,star,1018.3319694480774,heart,875.0,875.0,720.0694410957876,triangle,23.25,46.25,27.625,20.25
425,x,39,791,25,25,triangle,766.1279266545503,25,875,square,85.15867542417507,875,25,heart,1133.8659532766649,star,875.0,875.0,840.2094976849523,square,43.25,21.625,15.875,18.125
426,x,381,864,25,25,heart,911.403862181854,25,875,star,356.1699032765121,875,25,triangle,973.6308335298344,square,875.0,875.0,494.1224544584065,star,27.875,20.125,22.75,43.0
427,x,725,509,25,25,star,851.0323143100971,25,875,square,789.9088555016965,875,25,heart,506.7109629759356,triangle,875.0,875.0,395.5451933723882,triangle,37.0,53.25,34.5,29.375
428,x,523,588,25,25,square,751.646858571231,25,875,triangle,574.7808277943864,875,25,star,663.9826804970141,heart,875.0,875.0,454.1728745753097,triangle,21.5,44.25,28.25,18.75
429,x,550,491,25,25,heart,701.9836180424726,25,875,triangle,650.4467695361396,875,25,square,568.1381874157026,star,875.0,875.0,503.07156548546845,triangle,36.5,57.25,39.75,40.25
430,x,290,372,25,25,star,436.61653656269135,25,875,triangle,568.5367182513369,875,25,square,680.1720370612129,heart,875.0,875.0,771.5140957882753,triangle,36.5,57.0,42.25,35.75
431,x,280,420,25,25,triangle,470.1595473879053,25,875,star,521.5841255253077,875,25,heart,714.177848998413,square,875.0,875.0,749.0327095661444,square,49.75,28.625,27.75,34.75
432,x,671,424,25,25,heart,759.2871657021473,25,875,star,787.8559513007438,875,25,triangle,448.12609832501386,square,875.0,875.0,494.99191912595904,square,47.75,24.125,32.0,33.75
433,x,485,210,25,25,square,495.8074222921638,25,875,heart,808.5944595407515,875,25,star,431.6537964619332,triangle,875.0,875.0,770.9247693517183,star,31.75,34.75,34.0,51.75
434,x,675,856,25,25,square,1055.0170614734152,25,875,star,650.2776330153144,875,25,heart,854.7286118997071,triangle,875.0,875.0,200.9004728715192,triangle,23.0,48.25,30.125,30.125
435,x,685,371,25,25,square,745.1952764208855,25,875,star,830.4312132862059,875,25,heart,394.7353543831614,triangle,875.0,875.0,538.624173241417,star,26.375,34.75,31.25,51.0
436,x,757,795,25,25,star,1062.4142318323866,25,875,square,736.3586082881085,875,25,heart,778.9890884986772,triangle,875.0,875.0,142.56226709757388,triangle,24.75,43.0,23.875,20.25
437,x,459,156,25,25,triangle,453.3398283848442,25,875,star,839.8315307250615,875,25,heart,436.1387393937851,square,875.0,875.0,830.6726190262924,square,47.75,27.375,27.375,26.375
438,x,386,767,25,25,star,825.1575607118922,25,875,heart,376.80897016923575,875,25,square,888.6422227195825,triangle,875.0,875.0,500.78438474057873,heart,19.375,26.25,45.0,20.125
439,x,68,393,25,25,star,370.5037111824928,25,875,triangle,483.9142486019605,875,25,square,886.9458833547851,heart,875.0,875.0,939.9856381881586,triangle,26.75,48.75,28.375,27.625
440,x,647,406,25,25,heart,729.4141484780782,25,875,triangle,779.0025673898642,875,25,star,444.010135019461,square,875.0,875.0,521.4834609074386,triangle,40.75,58.0,40.75,27.375
441,x,700,816,25,25,heart,1039.858644239687,25,875,triangle,677.5736122370764,875,25,star,810.1271505140412,square,875.0,875.0,184.67809832245945,square,45.0,28.75,20.625,16.625
442,x,763,423,25,25,heart,838.479576376193,25,875,square,865.4178181664623,875,25,star,413.4585831736959,triangle,875.0,875.0,465.6694106337671,triangle,27.75,45.5,27.25,23.75
443,x,336,59,25,25,star,312.8530006248941,25,875,triangle,873.2565487873538,875,25,square,540.0712915902863,heart,875.0,875.0,977.9452949935388,square,48.0,33.0,29.5,36.25
444,x,718,78,25,25,triangle,695.023740601715,25,875,heart,1056.1524511167884,875,25,star,165.7045563646335,square,875.0,875.0,812.3164408037055,star,36.25,35.0,27.5,50.25
445,x,30,368,25,25,square,343.0364412128834,25,875,triangle,507.02465423290806,875,25,star,911.9616219995224,heart,875.0,875.0,985.4308702288556,triangle,27.0,48.25,27.75,22.625
446,x,362,442,25,25,star,536.1510981057486,25,875,square,548.687524917416,875,25,triangle,661.1036227400361,heart,875.0,875.0,671.3106583393414,square,45.25,22.5,27.125,21.875
447,x,687,578,25,25,triangle,862.5850682686317,25,875,square,725.5708097766889,875,25,heart,584.0830420411125,star,875.0,875.0,351.501066854711,square,45.75,27.625,26.875,29.25
448,x,235,187,25,25,square,265.2244332636041,25,875,triangle,719.335804753246,875,25,star,660.1848226065183,heart,875.0,875.0,939.6509990416656,triangle,31.0,50.5,30.375,29.75
449,x,346,330,25,25,triangle,442.7934055516184,25,875,star,632.507707462921,875,25,square,610.6275460540575,heart,875.0,875.0,759.5169517528888,heart,35.5,34.5,55.75,38.5
450,x,474,191,25,25,square,478.7034572676491,25,875,heart,818.2035199142082,875,25,star,434.0011520722036,triangle,875.0,875.0,792.8789314895433,triangle,39.5,54.25,39.5,39.5
451,x,512,424,25,25,square,629.5792245619291,25,875,star,663.7544726779624,875,25,triangle,539.4163512538344,heart,875.0,875.0,578.9386841453937,star,25.375,23.875,34.0,47.25
452,x,824,456,25,25,star,907.8336852089152,25,875,triangle,902.1984260682348,875,25,square,434.00691238734896,heart,875.0,875.0,422.0924069442614,heart,43.25,43.25,56.25,31.75
453,x,270,259,25,25,star,338.7934473982636,25,875,heart,662.933631670622,875,25,square,648.6763445663793,triangle,875.0,875.0,863.4124159403779,heart,32.5,37.25,53.5,34.75
454,x,116,825,25,25,star,805.1589905105699,25,875,triangle,103.83159442096613,875,25,square,1102.760626790783,heart,875.0,875.0,760.6451209335402,triangle,21.75,46.25,28.375,19.875
455,x,654,775,25,25,star,978.846770439582,25,875,triangle,636.8995211177348,875,25,heart,781.8829835723502,square,875.0,875.0,242.5716389028198,square,51.0,34.5,24.25,17.875
456,x,180,295,25,25,square,311.3278015211619,25,875,star,600.3540621999655,875,25,triangle,745.6037821792484,heart,875.0,875.0,905.2209674990964,star,25.75,22.625,29.625,47.0
457,x,354,44,25,25,square,329.548175537356,25,875,star,893.7572377329316,875,25,triangle,521.3463340237466,heart,875.0,875.0,980.8170063778462,square,48.0,38.25,35.25,35.75
458,x,524,152,25,25,triangle,514.9077587296583,25,875,heart,878.4816446574168,875,25,square,373.2693397534815,star,875.0,875.0,803.6977043640227,triangle,40.25,55.75,36.5,39.75
459,x,851,541,25,25,triangle,973.9260752233712,25,875,star,890.972502381527,875,25,square,516.5578380007412,heart,875.0,875.0,334.8611652610676,heart,26.75,21.25,47.5,28.5
460,x,803,596,25,25,heart,965.0518120805742,25,875,square,826.5137627408269,875,25,star,575.5215026391281,triangle,875.0,875.0,288.1405906844782,triangle,25.875,43.75,25.625,23.0
461,x,394,162,25,25,triangle,393.6114835723165,25,875,star,802.8262576672489,875,25,heart,500.1299831043926,square,875.0,875.0,860.0755780743923,square,48.75,29.125,28.375,28.75
462,x,586,683,25,25,triangle,864.6878049330868,25,875,star,592.9460346439632,875,25,heart,718.6689084689833,square,875.0,875.0,346.96541614403014,square,43.0,19.0,20.875,22.875
463,x,731,320,25,25,heart,765.154232818456,25,875,square,898.0317366329544,875,25,triangle,328.26970618684874,star,875.0,875.0,573.3768394345904,square,49.0,32.75,34.0,33.0
464,x,539,500,25,25,triangle,699.8721311782604,25,875,star,636.2554518430471,875,25,heart,581.8255752371152,square,875.0,875.0,503.508689100794,square,44.5,22.75,24.875,25.625
465,x,384,715,25,25,triangle,777.8052455467242,25,875,square,393.0407103596268,875,25,star,846.8653966245167,heart,875.0,875.0,516.411657498163,square,44.5,22.0,26.375,18.25
466,x,871,435,25,25,triangle,940.1148865963138,25,875,heart,953.5806206084518,875,25,star,410.01951173084433,square,875.0,875.0,440.0181814425399,square,43.75,20.25,21.375,23.875
467,x,590,119,25,25,heart,572.7660953652896,25,875,star,943.8013562185636,875,25,square,300.1016494456503,triangle,875.0,875.0,807.9362598621256,star,32.25,33.75,34.0,50.75
468,x,570,112,25,25,heart,551.9003533247646,25,875,star,937.6534541076464,875,25,square,317.1655719021218,triangle,875.0,875.0,821.7018924159784,star,30.375,30.375,32.25,48.5
469,x,577,161,25,25,square,568.5068161420758,25,875,heart,902.4965373894794,875,25,star,327.566787083184,triangle,875.0,875.0,773.6924453553879,triangle,37.25,52.75,39.5,33.75
470,x,422,761,25,25,square,836.244581447318,25,875,heart,413.0435812356851,875,25,triangle,864.2366574035146,star,875.0,875.0,467.1241804916547,heart,16.75,17.0,41.25,21.0
471,x,497,838,25,25,triangle,940.0813794560554,25,875,heart,473.44799080786055,875,25,square,896.5784962846254,star,875.0,875.0,379.80652969637055,heart,19.125,19.0,41.5,24.375
472,x,563,478,25,25,heart,703.3157185787902,25,875,triangle,668.6202210522802,875,25,star,550.0481797079234,square,875.0,875.0,504.92870783903743,triangle,36.0,55.25,38.0,26.25
473,x,74,725,25,25,star,701.7129042564345,25,875,triangle,157.8005069700348,875,25,square,1063.7673617854612,heart,875.0,875.0,814.9239228296099,triangle,22.75,46.0,27.375,24.25
474,x,284,500,25,25,heart,541.0231048670657,25,875,triangle,455.7477372406801,875,25,square,758.225560107281,star,875.0,875.0,699.9328539224316,triangle,23.625,48.25,29.75,26.5
475,x,449,478,25,25,square,620.4715948373463,25,875,triangle,580.8485172572966,875,25,heart,621.840011578541,star,875.0,875.0,582.3100548676796,star,27.0,35.75,32.75,51.5
476,x,129,298,25,25,heart,292.138665705175,25,875,square,586.297705948096,875,25,triangle,794.3834086887766,star,875.0,875.0,943.103917922092,square,44.25,21.375,28.0,19.375
477,x,42,162,25,25,triangle,138.0507153186828,25,875,square,713.2026360018589,875,25,heart,844.1907367414072,star,875.0,875.0,1096.475261918845,triangle,36.0,53.5,28.125,21.875
478,x,549,419,25,25,triangle,655.6004881023198,25,875,square,694.6308372077934,875,25,heart,511.3824400583188,star,875.0,875.0,560.5461622382228,square,53.5,35.5,32.75,31.5
479,x,72,208,25,25,square,188.939143641544,25,875,triangle,668.6538715957606,875,25,star,823.5884894776032,heart,875.0,875.0,1043.8860091025265,triangle,36.25,53.25,30.375,25.375
480,x,524,158,25,25,triangle,516.4203714029879,25,875,star,873.5502275198605,875,25,heart,375.3531670307312,square,875.0,875.0,798.304453200657,square,44.25,23.875,23.0,24.125
481,x,142,500,25,25,triangle,489.1973017096476,25,875,square,392.8282067265537,875,25,heart,873.4494833703893,star,875.0,875.0,823.3553303404309,square,48.0,28.75,26.25,27.5
482,x,686,684,25,25,heart,933.3820225395388,25,875,triangle,688.0421498716485,875,25,star,685.5669186884677,square,875.0,875.0,268.7042984397533,triangle,39.75,52.25,28.75,22.125
483,x,724,225,25,25,triangle,727.049516883135,25,875,star,954.5161077739862,875,25,square,250.60127693210185,heart,875.0,875.0,667.3087741068598,heart,35.25,30.625,54.0,34.75
484,x,151,625,25,25,square,613.0872694812705,25,875,triangle,279.95713957675736,875,25,heart,940.3063330638583,star,875.0,875.0,765.9477788987967,triangle,24.5,46.5,26.75,26.875
485,x,86,38,25,25,heart,62.369864518050704,25,875,square,839.2198758370777,875,25,star,789.1070903242475,triangle,875.0,875.0,1150.2564931353354,heart,21.125,18.625,43.25,18.25
486,x,143,768,25,25,square,752.3117704781708,25,875,star,159.2890454488318,875,25,heart,1043.011505209794,triangle,875.0,875.0,739.7790210596676,star,18.875,24.5,20.75,44.0
487,x,756,179,25,25,square,747.0455140083501,25,875,heart,1009.3448370106224,875,25,triangle,194.62014284240985,star,875.0,875.0,706.0998512958348,triangle,32.75,54.75,38.0,34.75
488,x,185,484,25,25,square,486.0874406935444,25,875,heart,422.4701172864183,875,25,triangle,828.722510856318,star,875.0,875.0,793.0832238800667,heart,26.5,25.0,49.5,29.5
489,x,185,338,25,25,heart,351.52382565055245,25,875,triangle,560.329367425981,875,25,star,757.6734124938,square,875.0,875.0,874.3391790375174,triangle,35.5,53.75,32.75,23.0
490,x,804,390,25,25,heart,860.2708875697236,25,875,square,917.6415422156956,875,25,star,371.8413640250369,triangle,875.0,875.0,490.16935848745175,triangle,29.0,47.25,28.375,26.0
491,x,802,658,25,25,star,1002.2065655342716,25,875,square,806.7329173896402,875,25,heart,637.1954174348714,triangle,875.0,875.0,228.9497761518888,triangle,25.125,43.5,24.5,20.125
492,x,408,847,25,25,square,906.8478372913506,25,875,heart,384.022134778713,875,25,star,945.3956843565556,triangle,875.0,875.0,467.8386473988655,heart,17.0,23.375,41.0,17.25
493,x,417,26,25,25,star,392.0012755081289,25,875,triangle,935.1283334387851,875,25,heart,458.0010917017557,square,875.0,875.0,964.6579704745096,star,30.125,32.5,37.0,49.5
494,x,470,256,25,25,heart,501.3840843106211,25,875,square,762.3555600899098,875,25,star,466.24671580612767,triangle,875.0,875.0,739.7202173795171,heart,39.5,42.25,55.25,38.5
495,x,52,518,25,25,heart,493.7387973412663,25,875,star,358.0195525386847,875,25,triangle,959.3633305479212,square,875.0,875.0,897.0941979524781,star,24.75,16.625,22.75,42.75
496,x,643,190,25,25,square,639.6475592074123,25,875,star,922.5773680293702,875,25,triangle,284.6910606253733,heart,875.0,875.0,723.2212662802443,star,28.75,26.875,35.5,48.75
497,x,367,195,25,25,square,381.9214578941592,25,875,heart,761.1596415995793,875,25,star,535.6902089827664,triangle,875.0,875.0,848.8015080099705,triangle,40.0,54.75,41.25,34.5
498,x,838,484,25,25,star,933.621979175726,25,875,triangle,902.1363533302492,875,25,heart,460.48887065813,square,875.0,875.0,392.7467377331096,square,44.75,27.625,26.0,17.625
499,x,467,230,25,25,heart,487.2258203338571,25,875,triangle,781.9136781000828,875,25,star,456.60595703516617,square,875.0,875.0,763.2096697500629,heart,40.0,42.0,57.75,33.0
500,x,512,32,25,25,heart,487.0503054100264,25,875,triangle,973.5594486213978,875,25,star,363.0674868395682,square,875.0,875.0,917.8333182010772,heart,26.25,29.75,46.75,29.25
501,x,182,663,25,25,star,657.0334846870439,25,875,triangle,263.80485211610494,875,25,square,941.962313471192,heart,875.0,875.0,724.7020077245543,triangle,24.75,45.5,29.5,22.75
502,x,492,271,25,25,heart,527.8304652063956,25,875,square,763.4821543428503,875,25,triangle,455.1977592211983,star,875.0,875.0,715.1957773924564,heart,36.5,29.375,48.75,32.0
503,x,732,779,25,25,triangle,1033.6174340634934,25,875,square,713.4879116004699,875,25,star,767.440551443563,heart,875.0,875.0,172.23530416264836,heart,24.875,20.25,43.0,18.875
504,x,335,407,25,25,triangle,491.9593479140324,25,875,square,561.3590651267689,875,25,heart,661.4559698120503,star,875.0,875.0,714.5795966860514,square,47.0,27.5,24.375,23.75
505,x,438,153,25,25,heart,432.3806193621541,25,875,square,831.7770133876026,875,25,triangle,455.3602969078442,star,875.0,875.0,843.9508279514868,heart,33.5,32.75,53.0,32.25
506,x,450,130,25,25,square,437.7784827969506,25,875,star,857.7004138975334,875,25,triangle,437.7784827969506,heart,875.0,875.0,857.7004138975334,star,27.875,25.25,29.375,47.25
507,x,767,732,25,25,heart,1024.8965801484558,25,875,star,755.6540213616282,875,25,square,715.2013702447724,triangle,875.0,875.0,179.20100446147055,triangle,23.875,45.5,25.75,25.375
508,x,631,383,25,25,triangle,703.846574190711,25,875,heart,780.5767098754612,875,25,star,433.2435804486894,square,875.0,875.0,549.1812087098392,square,44.25,22.25,24.75,20.375
509,x,682,209,25,25,triangle,682.2792683351884,25,875,star,935.5239173853332,875,25,square,266.6552080871476,heart,875.0,875.0,693.4010383609185,heart,37.75,30.75,55.0,34.25
510,x,375,134,25,25,star,366.5801413060997,25,875,square,819.5004575959674,875,25,heart,511.7430996115141,triangle,875.0,875.0,893.9133067585469,star,39.5,39.5,37.0,53.75
511,x,710,497,25,25,star,831.8707832349926,25,875,square,782.3739515091233,875,25,triangle,500.00899991900144,heart,875.0,875.0,412.4427232962172,heart,36.75,31.125,54.0,28.125
512,x,367,518,25,25,square,600.0108332355342,25,875,triangle,494.3814316901475,875,25,star,707.8933535498126,heart,875.0,875.0,620.896931865507,triangle,24.375,45.75,29.625,21.375
513,x,865,552,25,25,square,991.6294670893964,25,875,triangle,899.9605546911487,875,25,star,527.0948681214796,heart,875.0,875.0,323.154761685481,triangle,24.875,49.0,35.5,30.0
514,x,80,490,25,25,triangle,468.2413907377262,25,875,square,388.9087296526012,875,25,star,921.004885980525,heart,875.0,875.0,883.317609922954,square,46.75,27.125,25.75,18.25
515,x,460,328,25,25,square,530.1264000217307,25,875,heart,698.8805334247048,875,25,triangle,513.8423882865251,star,875.0,875.0,686.610515503513,star,32.75,31.5,36.25,50.5
516,x,186,234,25,25,square,263.8219096284461,25,875,star,660.9099787414319,875,25,triangle,720.0013888875493,heart,875.0,875.0,941.0642911087424,square,45.25,22.375,27.25,31.0
517,x,579,449,25,25,star,697.6331414145976,25,875,triangle,698.850484724737,875,25,heart,517.099603558154,square,875.0,875.0,518.7407830506485,square,49.75,35.75,30.25,23.5
518,x,683,525,25,25,heart,826.4163599542303,25,875,star,745.2945726355453,875,25,triangle,535.5968633216592,square,875.0,875.0,399.2042083946511,square,45.5,23.875,30.75,32.25
519,x,523,339,25,25,triangle,588.727441181401,25,875,heart,731.6419889536138,875,25,square,471.6990566028302,star,875.0,875.0,641.2487816752559,star,25.5,25.5,29.125,47.0
520,x,173,97,25,25,square,164.58432489152787,25,875,triangle,791.9520187486108,875,25,heart,705.6826482208558,star,875.0,875.0,1047.8969414975884,triangle,37.25,53.5,35.75,30.75
521,x,233,302,25,25,square,346.4000577367157,25,875,star,609.5842845743318,875,25,heart,699.2088386169042,triangle,875.0,875.0,860.5190294235218,star,27.0,27.625,28.5,47.75
522,x,598,255,25,25,star,617.4374462243119,25,875,heart,844.2327878020375,875,25,square,360.04027552483626,triangle,875.0,875.0,679.0647980863093,triangle,36.0,55.25,40.75,34.5
523,x,798,27,25,25,square,773.0025873177916,25,875,triangle,1147.4462950395543,875,25,heart,77.02596964660685,star,875.0,875.0,851.4886963430578,heart,24.625,22.125,43.0,24.25
524,x,146,260,25,25,square,264.3217736017977,25,875,triangle,626.7902360439256,875,25,heart,765.9412510108069,star,875.0,875.0,953.7641217827392,triangle,27.875,50.0,29.125,27.625
525,x,868,250,25,25,star,872.5101718604775,25,875,triangle,1049.416028084191,875,25,square,225.10886255321003,heart,875.0,875.0,625.0391987707651,square,54.75,42.0,37.5,28.25
526,x,56,743,25,25,star,718.6689084689833,25,875,heart,135.5912976558599,875,25,triangle,1089.1671129812908,square,875.0,875.0,829.5691652900317,heart,17.875,15.3125,40.5,19.625
527,x,653,701,25,25,star,922.691714496234,25,875,heart,651.6594202495656,875,25,triangle,711.5195007868723,square,875.0,875.0,282.0638225650358,square,42.75,17.5,25.875,13.6875
528,x,784,566,25,25,heart,932.0740313945024,25,875,triangle,819.4888650860364,875,25,square,548.6000364564334,star,875.0,875.0,322.12109524214645,star,33.5,37.0,30.25,50.75
529,x,454,159,25,25,heart,449.4407636162968,25,875,star,834.6837724551735,875,25,triangle,441.8110455839691,square,875.0,875.0,830.6003852635755,heart,37.5,26.75,52.5,35.25
530,x,161,727,25,25,star,715.0524456289902,25,875,triangle,200.9975124224178,875,25,heart,1001.2991560967182,square,875.0,875.0,729.1776189653657,triangle,31.625,49.0,25.75,22.5
531,x,476,858,25,25,triangle,947.2539258298168,25,875,square,451.3202853850024,875,25,star,923.6287132825614,heart,875.0,875.0,399.3619911809335,square,42.75,19.125,24.25,15.3125
532,x,366,694,25,25,star,750.8941336833043,25,875,triangle,386.059580893934,875,25,square,840.6200092788655,heart,875.0,875.0,540.2240276033639,triangle,23.125,46.0,29.125,20.75
533,x,125,661,25,25,star,643.8136376312636,25,875,heart,236.21176939348305,875,25,triangle,983.3595476731792,square,875.0,875.0,779.9333304840869,heart,21.375,14.5625,41.5,17.5
534,x,330,703,25,25,triangle,743.4440126869004,25,875,square,350.15567966263234,875,25,star,869.8902229591962,heart,875.0,875.0,571.4971565983509,square,40.75,19.125,22.125,14.1875
535,x,120,837,25,25,star,817.5383783040402,25,875,square,102.31813133555558,875,25,triangle,1108.7691373771188,heart,875.0,875.0,755.9556865319554,square,42.5,20.375,22.375,17.5
536,x,142,80,25,25,star,129.28263611173776,25,875,heart,803.5633142447457,875,25,triangle,735.0605417242855,square,875.0,875.0,1081.3482325319628,star,19.75,17.25,22.25,41.25
537,x,680,184,25,25,heart,674.022254825462,25,875,square,952.1060865260762,875,25,triangle,251.60683615514105,star,875.0,875.0,717.9874650716404,square,50.75,35.0,36.25,34.25
538,x,262,459,25,25,triangle,494.4946915791918,25,875,heart,478.7744771810628,875,25,square,751.0825520540335,star,875.0,875.0,740.8272403199007,star,28.375,30.875,35.75,51.75
539,x,721,164,25,25,triangle,709.7443201604364,25,875,star,994.9557779117624,875,25,heart,207.45360927204905,square,875.0,875.0,727.4867696391461,square,51.5,32.0,34.0,28.0
540,x,764,469,25,25,triangle,862.1235410310984,25,875,square,843.182661112051,875,25,star,457.6647244435603,heart,875.0,875.0,420.9002257067582,star,29.5,25.125,34.0,48.0
541,x,207,572,25,25,triangle,576.4833041814828,25,875,square,353.45862558438154,875,25,heart,863.3846188113383,star,875.0,875.0,733.5073278434238,square,49.5,29.125,27.25,30.625
542,x,677,614,25,25,square,878.6495319523024,25,875,triangle,702.2997935354957,875,25,heart,621.3895718468407,star,875.0,875.0,327.6049450176233,triangle,28.375,49.5,30.75,30.625
543,x,496,65,25,25,star,472.69546221642537,25,875,triangle,936.985058578844,875,25,square,381.1049724157375,heart,875.0,875.0,894.282393877907,triangle,38.25,52.0,35.5,38.0
544,x,706,652,25,25,star,925.6835312351624,25,875,heart,716.5821655609356,875,25,square,649.376624155813,triangle,875.0,875.0,279.8035024798653,triangle,25.25,50.0,34.75,21.625
545,x,85,521,25,25,triangle,499.61585243064496,25,875,heart,359.0487432090523,875,25,square,932.8000857632894,star,875.0,875.0,865.6881655654073,heart,33.75,34.5,54.5,34.5
546,x,144,509,25,25,star,498.4144861458182,25,875,triangle,384.8597147013441,875,25,square,876.7080471856067,heart,875.0,875.0,817.5065748971075,triangle,26.5,47.5,29.5,23.125
547,x,753,257,25,25,square,764.0732949135181,25,875,triangle,954.9387414907828,875,25,heart,262.1221089492453,star,875.0,875.0,629.9269798952892,star,28.0,33.75,33.5,52.25
548,x,350,553,25,25,triangle,620.0072580220332,25,875,heart,457.503005454609,875,25,star,744.5864624071539,square,875.0,875.0,615.8806702600756,square,44.25,22.0,27.0,19.25
549,x,394,187,25,25,triangle,402.995037190286,25,875,square,780.7080119993645,875,25,star,507.54802728411823,heart,875.0,875.0,839.4670928630853,triangle,39.25,58.25,38.0,32.5
550,x,779,751,25,25,triangle,1046.7053071423686,25,875,star,764.1282614849421,875,25,heart,732.3196023595162,square,875.0,875.0,156.81836627130127,square,44.5,17.75,20.375,18.875
551,x,395,794,25,25,triangle,853.3820949609852,25,875,star,378.76245854097,875,25,square,906.5103419156342,heart,875.0,875.0,486.7864007960781,star,18.875,19.625,23.125,42.5
552,x,622,310,25,25,triangle,661.5391144898388,25,875,star,821.9695858120299,875,25,heart,381.09578848368295,square,875.0,875.0,619.0589632660204,square,45.75,24.875,27.0,26.125
553,x,364,134,25,25,square,356.092684564005,25,875,triangle,814.8631786993446,875,25,heart,522.4959329985259,star,875.0,875.0,900.1122152265239,heart,41.0,42.75,54.75,37.75
554,x,224,154,25,25,heart,237.15395843207003,25,875,square,747.9585550015455,875,25,star,663.6580444777265,triangle,875.0,875.0,971.4123738145402,heart,34.0,29.25,49.5,23.125
555,x,629,47,25,25,heart,604.400529450463,25,875,star,1024.8902380255165,875,25,triangle,246.9817807045694,square,875.0,875.0,863.7708029332781,square,44.0,32.25,28.625,24.125
556,x,744,605,25,25,square,923.7754056046308,25,875,triangle,768.0240881639065,875,25,star,594.6099561897698,heart,875.0,875.0,300.1016494456503,triangle,24.375,44.75,29.875,22.75
557,x,220,337,25,25,triangle,367.9252641502076,25,875,heart,572.2490716462544,875,25,star,725.512922007596,square,875.0,875.0,847.6255069309796,square,54.25,36.25,39.0,27.0
558,x,149,779,25,25,triangle,764.1282614849421,25,875,star,156.81836627130127,875,25,square,1046.7053071423686,heart,875.0,875.0,732.3196023595162,star,16.25,17.875,23.5,42.0
559,x,664,79,25,25,triangle,641.2776309836481,25,875,heart,1020.7531533137676,875,25,square,217.8003673091485,star,875.0,875.0,823.4907406886856,square,51.0,33.75,31.125,33.25
560,x,763,177,25,25,star,753.4905440680726,25,875,square,1015.7991927541584,875,25,heart,188.80677953929515,triangle,875.0,875.0,706.9285678199743,triangle,34.75,53.0,39.0,30.25
561,x,671,133,25,25,square,654.9656479541503,25,875,triangle,983.8089245376868,875,25,heart,230.8246087400561,star,875.0,875.0,769.5323255068627,heart,32.5,40.0,55.75,36.5
562,x,613,354,25,25,star,673.7840900466558,25,875,square,785.6112270073538,875,25,triangle,420.57698462944927,heart,875.0,875.0,583.1680718283537,square,52.0,28.5,35.75,28.5
563,x,361,353,25,25,heart,469.55297890653407,25,875,square,620.7898195041539,875,25,star,609.7376485013862,triangle,875.0,875.0,732.5844661197779,triangle,40.5,56.0,38.5,26.625
564,x,660,380,25,25,heart,727.4957044546724,25,875,triangle,805.1397394241574,875,25,star,415.0301193889426,square,875.0,875.0,539.6758286230726,triangle,39.75,58.5,39.5,28.125
565,x,760,170,25,25,star,749.1662031885849,25,875,heart,1018.4547118060772,875,25,triangle,185.06755523321743,square,875.0,875.0,714.3178564196754,triangle,39.0,53.75,34.0,29.25
566,x,163,325,25,25,heart,330.21810973960834,25,875,square,567.0484988076416,875,25,triangle,772.6215114789388,star,875.0,875.0,899.6910580860521,square,43.0,21.375,24.75,19.75
567,x,514,438,25,25,square,640.0703086380433,25,875,triangle,655.8124731964161,875,25,heart,548.5344109534059,star,875.0,875.0,566.8244878266993,star,35.5,40.25,38.25,55.75
568,x,173,804,25,25,triangle,792.9344235181117,25,875,heart,164.14932226482082,875,25,square,1048.6395949037972,star,875.0,875.0,705.5813206144278,heart,18.0,19.75,42.25,23.5
569,x,750,855,25,25,star,1102.0548988140292,25,875,triangle,725.275809606249,875,25,heart,839.3598751429568,square,875.0,875.0,126.58988901172162,square,42.5,22.875,19.125,12.5
570,x,721,681,25,25,heart,956.426683023848,25,875,star,722.5316602059733,875,25,square,673.8338074035763,triangle,875.0,875.0,247.69335881286764,triangle,27.375,50.0,27.625,31.375
571,x,482,201,25,25,square,489.7193073588176,25,875,star,814.3248737451165,875,25,triangle,430.6100323959023,heart,875.0,875.0,780.2083055184686,star,31.5,26.125,31.375,48.0
572,x,609,841,25,25,star,1003.4500485823896,25,875,triangle,584.9888887833682,875,25,square,858.2610325536165,heart,875.0,875.0,268.16412884649577,triangle,22.875,45.75,30.125,19.125
573,x,641,461,25,25,square,754.6866899581574,25,875,triangle,742.1940447079861,875,25,heart,494.82522166922735,star,875.0,875.0,475.55441329042463,star,22.875,29.125,28.5,49.0
574,x,650,236,25,25,heart,659.6559709424299,25,875,square,893.8377928908578,875,25,triangle,308.45745249547787,star,875.0,875.0,677.4555335961173,square,48.75,30.25,31.5,32.5
575,x,496,664,25,25,square,793.8274371675496,25,875,triangle,516.1027029574636,875,25,heart,742.941451259788,star,875.0,875.0,433.7764401163346,triangle,29.375,52.75,36.25,37.5
576,x,315,227,25,25,triangle,353.4176000144871,25,875,heart,709.9323911472134,875,25,square,595.3184022017125,star,875.0,875.0,856.4484806455085,heart,36.0,40.25,57.0,38.25
577,x,58,261,25,25,triangle,238.29603437741048,25,875,square,614.886168327114,875,25,star,850.4028457149,heart,875.0,875.0,1022.0004892366736,square,47.5,29.375,23.0,18.0
578,x,296,76,25,25,triangle,275.7571395267945,25,875,heart,843.707295215586,875,25,star,581.2417741353421,square,875.0,875.0,986.732993266162,triangle,31.0,50.25,31.25,22.0
579,x,351,373,25,25,heart,476.84378993544624,25,875,triangle,598.5649505275096,875,25,square,629.0310008258734,star,875.0,875.0,725.658321801659,triangle,28.875,51.5,34.5,31.375
580,x,506,649,25,25,heart,787.8686438740915,25,875,star,531.4480219174778,875,25,triangle,724.9393078044534,square,875.0,875.0,432.7089090832312,star,30.375,20.0,27.0,43.25
581,x,852,679,25,25,heart,1054.345768711574,25,875,star,849.9088186387996,875,25,triangle,654.404309276765,square,875.0,875.0,197.3448757885545,square,43.75,17.625,19.625,20.5
582,x,289,424,25,25,triangle,478.4318133234871,25,875,star,522.5868348896669,875,25,square,708.9407591611587,heart,875.0,875.0,739.4572333813497,star,28.75,28.625,36.25,50.75
583,x,577,755,25,25,triangle,915.207080392192,25,875,square,564.8929102051113,875,25,heart,788.4820860362016,star,875.0,875.0,321.2537937519182,square,41.5,21.0,19.875,22.625
584,x,256,666,25,25,heart,681.3530655981523,25,875,star,311.51564968713853,875,25,triangle,891.0903433434794,square,875.0,875.0,653.3314625823557,star,28.0,17.5,22.5,42.25
585,x,139,236,25,25,square,239.827020996384,25,875,heart,649.0893621066363,875,25,star,765.6480914885115,triangle,875.0,875.0,974.6881552578752,heart,22.25,24.125,43.75,22.375
586,x,154,714,25,25,heart,700.9721820443376,25,875,triangle,206.3055985667864,875,25,square,997.277293434479,star,875.0,875.0,738.7570642640245,triangle,24.25,46.0,26.0,23.0
587,x,686,38,25,25,square,661.1278242518613,25,875,triangle,1066.531762302464,875,25,star,189.44656238633627,heart,875.0,875.0,858.073423431818,star,25.25,26.125,22.75,43.75
588,x,280,480,25,25,triangle,521.5841255253077,25,875,star,470.1595473879053,875,25,heart,749.0327095661444,square,875.0,875.0,714.177848998413,square,47.5,24.75,24.125,31.5
589,x,762,572,25,25,star,917.8115274935265,25,875,heart,796.8550683781838,875,25,square,558.5499082445543,triangle,875.0,875.0,323.3852192045889,triangle,25.5,46.75,29.625,21.625
590,x,845,388,25,25,square,896.7547044760903,25,875,star,953.713269279609,875,25,triangle,364.23755984247424,heart,875.0,875.0,487.92314968650544,star,27.125,27.625,30.75,48.25
591,x,263,383,25,25,heart,429.893009945498,25,875,triangle,546.5418556707253,875,25,square,709.0190406470055,star,875.0,875.0,785.2439111511785,triangle,32.75,57.5,39.75,36.25
592,x,479,326,25,25,triangle,544.7173579022427,25,875,heart,712.4022739997396,875,25,star,497.41029341982863,square,875.0,875.0,676.9172770730556,square,49.0,28.375,29.625,26.875
593,x,583,131,25,25,heart,567.9788728465171,25,875,square,930.0,875,25,star,310.64449134018133,triangle,875.0,875.0,799.2496481075234,star,33.25,32.5,31.75,50.0
594,x,476,191,25,25,star,480.5798580881225,25,875,heart,819.3027523449437,875,25,triangle,432.15390776897993,square,875.0,875.0,791.8693073986389,square,49.0,31.125,35.25,34.5
595,x,830,166,25,25,triangle,817.2551621127884,25,875,square,1072.7096531680882,875,25,heart,148.00675660252813,star,875.0,875.0,710.4266323836684,heart,40.25,44.25,57.0,38.25
596,x,625,514,25,25,square,774.0290692215635,25,875,triangle,700.2292481751958,875,25,star,549.200327749356,heart,875.0,875.0,439.11388044560834,triangle,25.25,49.75,34.5,24.5
597,x,312,846,25,25,star,869.7183452129775,25,875,triangle,288.4614358974177,875,25,heart,995.4948518199378,square,875.0,875.0,563.7463968842728,triangle,28.375,45.75,24.25,21.125
598,x,552,207,25,25,triangle,557.5419266745776,25,875,heart,850.8542765949995,875,25,star,370.7465441511222,square,875.0,875.0,741.9925875640538,square,48.0,27.625,29.0,23.625
599,x,151,472,25,25,triangle,464.4189918597214,25,875,star,422.2380844973603,875,25,heart,850.8730810173747,square,875.0,875.0,828.6042481184851,square,47.75,25.875,24.25,31.25
600,x,80,292,25,25,heart,272.6059427085184,25,875,square,585.5885927850712,875,25,star,838.6381818162109,triangle,875.0,875.0,985.8569876001284,square,43.75,24.875,26.25,18.5
601,x,823,285,25,25,square,839.2877933104949,25,875,heart,992.4232967841898,875,25,triangle,265.1490147068248,star,875.0,875.0,592.2870925488753,heart,27.125,29.5,50.0,36.0
602,x,469,387,25,25,triangle,572.8699677937394,25,875,star,659.7575312188562,875,25,heart,543.9485269765881,square,875.0,875.0,634.8070573016655,square,46.75,25.25,26.25,28.25
603,x,508,535,25,25,square,702.416543085369,25,875,star,590.6682656110788,875,25,triangle,628.322369488784,heart,875.0,875.0,500.2889165272403,star,26.75,22.625,35.25,47.5
604,x,521,397,25,25,heart,620.0,25,875,triangle,688.8396039717809,875,25,star,513.5172830587107,square,875.0,875.0,594.8108943185221,heart,40.0,45.5,56.75,30.5
605,x,792,296,25,25,triangle,813.4678850452549,25,875,heart,961.00468261086,875,25,square,283.425475213503,star,875.0,875.0,584.9187977830769,star,33.0,30.875,33.0,50.0
606,x,404,60,25,25,triangle,380.61266400370863,25,875,square,898.8136625574847,875,25,heart,472.2986343406045,star,875.0,875.0,941.3107882097175,square,55.25,40.0,33.25,30.25
607,x,737,617,25,25,triangle,925.9632822093972,25,875,heart,757.3031097255576,875,25,star,607.8716969887643,square,875.0,875.0,292.5884481656786,square,47.5,26.25,30.5,21.875
608,x,95,26,25,25,triangle,70.00714249274856,25,875,square,851.8808602146195,875,25,star,780.0006410253776,heart,875.0,875.0,1152.9097969919417,triangle,29.25,48.25,26.375,21.375
609,x,796,568,25,25,heart,943.0217388798628,25,875,triangle,829.8734843336061,875,25,square,548.7166846378922,star,875.0,875.0,317.00157728314224,triangle,29.375,50.25,29.0,33.5
610,x,221,32,25,25,star,196.1249601657066,25,875,heart,865.4854129331123,875,25,square,654.0374607008379,triangle,875.0,875.0,1066.9418915761064,square,46.0,25.0,28.75,35.0
611,x,569,638,25,25,star,819.5761099495276,25,875,heart,593.3843611016388,875,25,square,685.1313742633598,triangle,875.0,875.0,387.04650883324086,heart,28.375,39.0,52.25,26.75
612,x,390,124,25,25,star,378.187784043853,25,875,heart,835.0005988021805,875,25,square,495.0010100999795,triangle,875.0,875.0,893.9944071413422,star,26.5,27.375,29.25,47.5
613,x,795,196,25,25,triangle,788.7591520863641,25,875,heart,1026.616286642677,875,25,square,188.7882411592417,star,875.0,875.0,683.6965701244961,square,53.0,38.75,35.75,37.25
614,x,742,584,25,25,square,909.158951999044,25,875,heart,773.802300332585,875,25,star,574.6042116100438,triangle,875.0,875.0,319.95312156626943,heart,24.0,32.75,47.25,23.0
615,x,540,462,25,25,triangle,675.4213499734814,25,875,heart,660.1469533369067,875,25,star,550.630547645152,square,875.0,875.0,531.7837906518024,square,49.25,27.125,36.5,23.375
616,x,451,506,25,25,square,642.5239295154695,25,875,heart,563.5929382098395,875,25,star,641.1996568932332,triangle,875.0,875.0,562.0827341237231,heart,31.25,34.25,52.25,28.0
617,x,480,704,25,25,square,817.3530448955335,25,875,star,486.0720111259236,875,25,triangle,785.5354861494164,heart,875.0,875.0,430.4253709994336,star,22.0,20.75,32.5,45.25
618,x,858,278,25,25,heart,870.5733742769761,25,875,star,1024.8404753911702,875,25,square,253.57050301641948,triangle,875.0,875.0,597.2419945047401,square,51.0,38.25,32.25,33.25
619,x,187,757,25,25,triangle,749.7119446827561,25,875,heart,200.4195599236761,875,25,square,1004.5735413597156,star,875.0,875.0,698.0458437667257,heart,18.0,19.375,41.25,22.625
620,x,528,74,25,25,square,505.38104436157874,25,875,heart,945.838252556958,875,25,triangle,350.44257732187737,star,875.0,875.0,872.9318415546543,triangle,36.75,54.75,39.0,38.0
621,x,732,710,25,25,heart,984.4155626563409,25,875,triangle,725.998622588225,875,25,star,699.767104113933,square,875.0,875.0,218.3437656540713,square,50.0,35.25,24.125,17.375
622,x,727,373,25,25,triangle,783.5228139626822,25,875,heart,863.0225953009574,875,25,star,378.1639855935517,square,875.0,875.0,523.3622072714078,square,43.0,22.125,24.75,18.5
623,x,336,295,25,25,triangle,411.8507011041744,25,875,square,658.1192900986872,875,25,star,602.8440926143343,heart,875.0,875.0,791.7834299857506,square,48.75,28.0,31.25,18.625
624,x,535,287,25,25,star,573.3620147864698,25,875,square,778.3598139678076,875,25,triangle,429.2365315301111,heart,875.0,875.0,679.2230855911774,square,51.25,32.75,37.75,31.625
625,x,328,300,25,25,star,409.1869988159448,25,875,heart,649.9492287863723,875,25,triangle,612.2368822604532,square,875.0,875.0,793.6208162592511,heart,35.75,27.0,49.0,27.0
626,x,497,593,25,25,star,738.5174337820333,25,875,triangle,549.8254268401926,875,25,heart,682.2814668448792,square,875.0,875.0,471.6015267150861,triangle,42.0,55.75,33.25,28.75
627,x,761,152,25,25,square,746.8768305416897,25,875,heart,1031.7097460041753,875,25,triangle,170.66048165876012,star,875.0,875.0,731.9323739253512,triangle,27.875,51.0,32.5,29.875
628,x,860,650,25,25,heart,1043.0004793862752,25,875,triangle,864.7832098277579,875,25,star,625.1799740874623,square,875.0,875.0,225.4994456755936,square,47.25,28.0,18.5,18.375
629,x,766,334,25,25,square,802.8461870121823,25,875,star,917.4758852416776,875,25,triangle,327.66141060552127,heart,875.0,875.0,551.8713618226625,star,27.5,29.125,37.0,51.0
630,x,530,800,25,25,heart,925.0135134148042,25,875,square,510.5389309347525,875,25,triangle,848.3218728760918,star,875.0,875.0,353.0580688781946,square,40.0,21.0,22.375,20.125
631,x,74,189,25,25,star,171.1636643683466,25,875,triangle,687.7477735332918,875,25,heart,817.616658343016,square,875.0,875.0,1054.607509929642,triangle,32.75,51.5,29.5,32.75
632,x,400,547,25,25,square,642.735559931143,25,875,star,498.2057807773812,875,25,triangle,705.7683756020809,heart,875.0,875.0,577.2425833217782,star,20.625,18.625,24.25,43.0
633,x,246,837,25,25,heart,841.53728378486,25,875,triangle,224.24317157942625,875,25,square,1027.1246272969995,star,875.0,875.0,630.1468082915283,triangle,25.125,47.0,27.0,26.125
634,x,339,191,25,25,triangle,355.178828197853,25,875,star,752.6300552064075,875,25,heart,561.1167436460972,square,875.0,875.0,868.9948216186331,square,51.0,32.25,28.625,33.75
635,x,483,660,25,25,star,782.9361404354764,25,875,triangle,505.9535551807102,875,25,heart,746.249958123952,square,875.0,875.0,447.0894765033058,square,48.5,33.0,28.125,22.25
636,x,625,447,25,25,triangle,733.5420914985043,25,875,star,737.0101763205173,875,25,heart,490.493628908674,square,875.0,875.0,495.66520959211977,square,45.25,22.875,25.625,27.0
637,x,443,183,25,25,triangle,446.8646327468756,25,875,square,808.4478956618045,875,25,heart,459.98695633680745,star,875.0,875.0,815.774478639777,triangle,43.75,56.25,37.5,36.0
638,x,813,344,25,25,square,850.1205796826706,25,875,heart,950.2131339862652,875,25,triangle,324.9692293125612,star,875.0,875.0,534.6073325348241,star,26.0,26.625,34.25,47.5
639,x,397,123,25,25,heart,384.6920846599264,25,875,square,838.9803335001363,875,25,star,487.94261957734335,triangle,875.0,875.0,891.0600428702883,heart,35.5,33.0,52.75,34.25
640,x,487,761,25,25,heart,868.987917062142,25,875,triangle,475.8571214135605,875,25,square,832.0096153290538,star,875.0,875.0,404.40079129497263,triangle,25.625,48.25,28.0,26.625
641,x,644,872,25,25,star,1049.080549814932,25,875,square,619.0072697472947,875,25,triangle,877.9350773263362,heart,875.0,875.0,231.01947969814148,heart,35.0,20.625,49.75,21.75
642,x,257,399,25,25,heart,440.1136216933077,25,875,triangle,529.5280917949491,875,25,star,722.357252334328,square,875.0,875.0,780.0640999302557,heart,37.0,43.5,56.25,29.25
643,x,703,452,25,25,star,801.2571372537034,25,875,heart,799.1326548202119,875,25,triangle,460.3400916713642,square,875.0,875.0,456.632237144948,square,43.75,22.75,25.875,17.25
644,x,629,231,25,25,triangle,638.1629885852046,25,875,heart,882.9224201479992,875,25,star,320.8613407688748,square,875.0,875.0,689.3852333782614,square,47.0,27.375,27.75,27.75
645,x,405,101,25,25,heart,387.52548303305167,25,875,square,862.250543635665,875,25,star,476.1050304292111,triangle,875.0,875.0,905.525261933647,heart,37.5,32.75,49.0,32.5
646,x,850,604,25,25,triangle,1007.9017809290744,25,875,square,868.3697369208579,875,25,heart,579.5394723398916,star,875.0,875.0,272.15069355046666,star,27.25,23.75,24.5,44.25
647,x,422,379,25,25,triangle,531.9069467491471,25,875,star,635.3148825582476,875,25,square,574.913036902104,heart,875.0,875.0,671.7328337962944,star,35.0,34.0,40.75,54.0
648,x,207,122,25,25,triangle,206.23530250662716,25,875,heart,774.682515615268,875,25,star,675.0059258999139,square,875.0,875.0,1006.5947546058444,triangle,34.25,54.25,34.0,30.75
649,x,326,352,25,25,heart,444.44347222115886,25,875,triangle,603.431851993247,875,25,star,639.0070422147161,square,875.0,875.0,758.2413863671648,triangle,37.75,55.25,41.75,30.625
650,x,61,195,25,25,heart,173.76996288196645,25,875,triangle,680.9522743922661,875,25,star,831.5623849116794,square,875.0,875.0,1060.658286160062,heart,26.25,29.5,45.75,20.625
651,x,428,554,25,25,star,665.0187967268294,25,875,heart,515.2184002925361,875,25,triangle,692.567686222798,square,875.0,875.0,550.3180898353243,heart,33.5,23.75,48.75,26.0
652,x,745,276,25,25,heart,762.4965573692775,25,875,triangle,936.5900917690728,875,25,star,282.66764936936096,square,875.0,875.0,612.9445325639181,triangle,40.25,52.0,36.5,37.25
653,x,437,414,25,25,triangle,566.6259789314288,25,875,star,618.2758284131768,875,25,heart,585.8028678659741,square,875.0,875.0,635.897004238894,square,49.0,27.25,27.125,32.25
654,x,407,264,25,25,heart,450.6051486612198,25,875,star,720.5865666247186,875,25,triangle,525.4950047336321,square,875.0,875.0,769.6395260120156,square,48.0,25.5,32.25,30.75
655,x,290,374,25,25,triangle,438.2077133050033,25,875,heart,566.7680301499018,875,25,star,681.194539026848,square,875.0,875.0,770.2116592210222,square,43.5,24.75,25.875,18.875
656,x,751,695,25,25,triangle,987.914976098652,25,875,heart,747.9812831882895,875,25,star,681.3780154950701,square,875.0,875.0,218.577217477028,square,43.0,18.875,22.125,16.25
657,x,124,841,25,25,star,821.9835764782651,25,875,heart,104.67568963231147,875,25,square,1108.9891793881488,triangle,875.0,875.0,751.7692465111884,heart,13.9375,20.5,42.75,17.25
658,x,138,406,25,25,star,397.404076476324,25,875,square,482.420977984996,875,25,triangle,829.6565554493015,heart,875.0,875.0,873.5731222971549,square,43.5,20.125,22.875,20.625
659,x,603,759,25,25,square,934.2590647138512,25,875,heart,589.5252327084906,875,25,star,782.7771074833499,triangle,875.0,875.0,295.70255325241953,heart,28.375,35.75,51.25,23.75
660,x,180,162,25,25,triangle,206.8671071001864,25,875,star,729.6533423482688,875,25,heart,708.3741948998425,square,875.0,875.0,995.6877020431656,square,51.0,33.0,28.125,28.875
661,x,407,188,25,25,triangle,415.3227660506946,25,875,heart,786.0617024127305,875,25,square,495.57340525899895,star,875.0,875.0,831.2598871592446,star,36.25,37.0,35.75,52.5
662,x,400,160,25,25,star,398.5599076675927,25,875,triangle,807.3722809212612,875,25,heart,493.8117050050556,square,875.0,875.0,858.3996738116808,square,52.5,39.0,39.0,35.75
663,x,210,259,25,25,triangle,298.2968320314515,25,875,heart,643.1803790539634,875,25,star,704.9687936355765,square,875.0,875.0,906.4662155866594,triangle,39.75,56.0,35.0,29.625
664,x,760,309,25,25,square,787.9600243667187,25,875,triangle,927.675050866412,875,25,star,306.4000652741445,heart,875.0,875.0,577.5647149887188,triangle,32.0,56.0,42.5,36.0
665,x,350,464,25,25,star,546.2105821018117,25,875,heart,523.9713732638454,875,25,triangle,684.358093398478,square,875.0,875.0,666.7428289828096,heart,33.5,23.5,48.5,21.75
666,x,216,724,25,25,heart,724.6254204759863,25,875,square,243.47895186237352,875,25,triangle,960.6674762892724,star,875.0,875.0,676.0783978208444,square,42.0,17.125,20.125,16.25
667,x,772,811,25,25,triangle,1084.345424668726,25,875,star,749.7366204207982,875,25,heart,792.7200010091835,square,875.0,875.0,121.26417442921878,square,44.0,17.375,18.5,14.3125
668,x,295,378,25,25,star,444.4198465415333,25,875,heart,565.6049858337531,875,25,square,678.9764355263002,triangle,875.0,875.0,763.8121496807969,heart,21.625,28.875,46.75,25.0
669,x,709,389,25,25,triangle,774.8238509493625,25,875,star,839.0780654980798,875,25,heart,400.064994719608,square,875.0,875.0,513.5679117701961,square,44.25,20.5,24.375,21.375
670,x,252,152,25,25,square,260.1115145471265,25,875,star,757.7981261523414,875,25,triangle,635.8128655508632,heart,875.0,875.0,954.388809657783,star,27.875,21.125,26.75,45.5
671,x,835,166,25,25,star,822.1806370865224,25,875,heart,1076.4669061332077,875,25,square,146.5639792036229,triangle,875.0,875.0,710.1274533490449,square,46.5,29.375,24.75,23.125
672,x,263,757,25,25,heart,769.7194294026882,25,875,triangle,265.64638149238925,875,25,square,954.1320663304424,star,875.0,875.0,623.272011243887,triangle,23.625,46.5,26.5,25.75
673,x,524,717,25,25,triangle,853.1500454199132,25,875,square,523.4166600329035,875,25,star,775.9284760852639,heart,875.0,875.0,384.9220700349617,square,43.75,22.25,25.125,16.5
674,x,193,381,25,25,star,393.6495903719449,25,875,triangle,521.7853964993654,875,25,heart,769.3243789195816,square,875.0,875.0,842.1163815055494,triangle,40.25,55.0,30.625,24.75
675,x,471,340,25,25,square,546.0228932929462,25,875,triangle,696.5206386030496,875,25,star,512.2899569579712,heart,875.0,875.0,670.4036097754845,heart,31.875,41.0,55.0,32.5
676,x,437,472,25,25,heart,607.9087102517943,25,875,triangle,576.3271640309869,875,25,star,625.8218596373891,square,875.0,875.0,595.1915658004572,triangle,38.5,56.75,38.0,27.375
677,x,590,682,25,25,triangle,866.5298609972999,25,875,square,597.0544363791295,875,25,heart,716.1522184563837,star,875.0,875.0,344.200522951375,square,43.75,23.125,21.375,25.375
678,x,117,630,25,25,heart,611.9550637097466,25,875,square,261.7040313025384,875,25,triangle,969.8396774725192,star,875.0,875.0,796.6109464475114,square,43.0,21.0,23.25,21.5
679,x,858,456,25,25,heart,937.8965827851172,25,875,square,932.4430277502212,875,25,triangle,431.335136523794,star,875.0,875.0,419.3447269252351,triangle,37.75,51.0,34.0,37.0
680,x,372,753,25,25,triangle,806.4694662539928,25,875,star,367.8219678050782,875,25,square,884.8689168458795,heart,875.0,875.0,517.5838096385937,star,26.25,26.0,36.75,50.0
681,x,196,612,25,25,star,611.4000327118081,25,875,heart,313.70368184004474,875,25,triangle,897.5577975818604,square,875.0,875.0,728.1552032362331,heart,23.75,19.0,43.25,19.875
682,x,351,825,25,25,star,863.8726758035584,25,875,square,329.8120676991672,875,25,triangle,956.3346694541614,heart,875.0,875.0,526.3800908089135,square,41.0,21.25,22.5,19.875
683,x,264,716,25,25,heart,731.1648240991904,25,875,square,287.05748553207945,875,25,triangle,922.3892887496038,star,875.0,875.0,631.3493486177047,square,41.75,17.875,21.5,18.5
684,x,659,487,25,25,square,784.4743462982075,25,875,star,743.3034373659252,875,25,triangle,510.0,heart,875.0,875.0,444.0720662234904,star,22.875,26.5,35.25,48.5
685,x,251,453,25,25,triangle,484.0041322137653,25,875,square,478.7065907212893,875,25,heart,756.6769455983181,star,875.0,875.0,753.2994092656651,square,49.75,30.875,28.625,29.75
686,x,116,358,25,25,triangle,345.21008096520006,25,875,square,524.9476164342495,875,25,star,828.8365339438169,heart,875.0,875.0,918.3517844486393,square,50.5,33.25,29.25,22.75
687,x,342,298,25,25,square,418.3515268288141,25,875,star,658.3448944132551,875,25,heart,598.8472259266131,triangle,875.0,875.0,785.5049331480993,star,29.25,34.25,37.75,52.0
688,x,108,451,25,25,heart,434.0103685397389,25,875,star,432.0474510976775,875,25,square,877.3625248436362,triangle,875.0,875.0,876.3931766051126,star,17.375,17.5,20.625,42.75
689,x,678,351,25,25,star,729.8527248698877,25,875,heart,837.2484696910469,875,25,square,380.9002494092121,triangle,875.0,875.0,559.8080028009604,heart,27.375,37.25,51.25,28.375
690,x,255,551,25,25,heart,574.087101405353,25,875,star,397.33612974407447,875,25,triangle,813.0658029950589,square,875.0,875.0,699.5541437229859,square,42.25,18.625,24.125,29.375
691,x,815,669,25,25,square,1019.2330449902024,25,875,heart,816.4165603415943,875,25,star,646.7889918667447,triangle,875.0,875.0,214.56001491424257,triangle,21.625,44.0,28.375,21.25
692,x,200,625,25,25,square,625.0,25,875,star,305.16389039334257,875,25,heart,903.119593409422,triangle,875.0,875.0,719.8090024443984,star,22.125,26.75,24.375,44.75
693,x,498,142,25,25,star,487.25557975255657,25,875,heart,872.3634563643757,875,25,triangle,394.7378877179134,square,875.0,875.0,824.2681602488356,square,50.75,36.75,37.25,37.0
694,x,856,290,25,25,triangle,872.2304741294012,25,875,heart,1016.2607933006173,875,25,square,265.6802589580189,star,875.0,875.0,585.3084656828397,star,37.0,35.5,34.0,49.25
695,x,689,232,25,25,heart,695.5177927271163,25,875,triangle,924.307849149838,875,25,star,278.28941769316344,square,875.0,875.0,669.3616361877935,star,37.25,37.25,38.5,50.75
696,x,581,685,25,25,star,862.9808804371045,25,875,triangle,587.5678684203212,875,25,heart,722.5205879419631,square,875.0,875.0,350.051424793558,triangle,31.375,49.0,26.125,20.75
697,x,718,370,25,25,square,774.1278964098891,25,875,star,857.4811951290827,875,25,triangle,379.0435331198779,heart,875.0,875.0,528.8421314532344,star,24.25,26.0,33.0,49.25
698,x,334,176,25,25,heart,343.92150267175793,25,875,triangle,764.2525760506143,875,25,square,561.6778436078816,star,875.0,875.0,883.9015782314228,triangle,29.125,52.0,33.0,31.125
699,x,789,235,25,25,star,792.3357874032953,25,875,heart,996.6423631373492,875,25,square,226.92730113408567,triangle,875.0,875.0,645.752274483025,triangle,40.0,54.0,40.0,31.625
700,x,247,39,25,25,star,222.4410034143885,25,875,square,864.9739880481956,875,25,triangle,628.1560315717744,heart,875.0,875.0,1045.6003060443315,star,24.125,22.875,22.125,42.75
701,x,97,216,25,25,star,204.12006270820123,25,875,square,662.9215639877767,875,25,triangle,801.1023654939486,heart,875.0,875.0,1019.5906041152008,square,47.25,23.625,24.5,29.0
702,x,650,463,25,25,heart,763.1965670782331,25,875,square,748.577985249366,875,25,star,492.41141335269634,triangle,875.0,875.0,469.4347665011615,triangle,35.0,53.25,34.0,29.125
703,x,485,812,25,25,square,911.5750106272112,25,875,heart,464.294087836578,875,25,triangle,878.3330803288693,star,875.0,875.0,395.0556922764181,heart,17.875,19.0,41.0,21.625
704,x,543,643,25,25,heart,806.3795632330969,25,875,triangle,567.5808312478497,875,25,square,701.5326079377921,star,875.0,875.0,405.02839406639134,triangle,29.75,52.25,31.25,37.75
705,x,462,760,25,25,star,855.0988246980579,25,875,triangle,451.87830220093554,875,25,heart,843.0859979859706,square,875.0,875.0,428.71202455727786,triangle,30.5,47.5,26.375,22.0
706,x,870,436,25,25,heart,939.652063265973,25,875,star,952.2321145603104,875,25,triangle,411.0304125000971,square,875.0,875.0,439.0284728807461,square,46.25,27.625,24.0,23.75
707,x,573,652,25,25,triangle,832.7262455333085,25,875,heart,591.6358677429894,875,25,square,695.9403710088961,star,875.0,875.0,375.410442049765,star,31.75,29.0,36.75,48.5
708,x,624,51,25,25,star,599.5640082593351,25,875,square,1018.7134042506754,875,25,heart,252.3430205097815,triangle,875.0,875.0,861.3808681413815,star,28.375,28.75,33.25,45.0
709,x,635,223,25,25,star,641.3298683205079,25,875,square,892.8628114105773,875,25,heart,311.1334118991401,triangle,875.0,875.0,694.7690263677563,square,57.75,44.0,39.0,37.25
710,x,372,735,25,25,heart,790.2588183626931,25,875,triangle,374.1777652399993,875,25,square,870.1201066519495,star,875.0,875.0,522.1197180723976,triangle,22.75,44.5,25.75,24.0
711,x,802,874,25,25,star,1150.8822702605162,25,875,heart,777.000643500377,875,25,triangle,852.1326187865361,square,875.0,875.0,73.00684899377592,square,46.75,23.125,24.625,17.625
712,x,676,136,25,25,triangle,660.3953361434346,25,875,square,984.846180883086,875,25,star,227.8639945230488,heart,875.0,875.0,765.324767664029,square,52.75,36.0,38.75,37.5
713,x,184,661,25,25,square,655.5737944732081,25,875,heart,266.6027006614899,875,25,triangle,939.1363053359188,star,875.0,875.0,723.3788772144235,heart,17.0,15.875,40.75,19.875
714,x,436,472,25,25,triangle,607.2314221118667,25,875,heart,575.6127170242158,875,25,star,626.5221464561329,square,875.0,875.0,595.927847981616,square,48.5,28.125,31.5,23.875
715,x,652,265,25,25,star,671.3635378839098,25,875,triangle,874.7736850180165,875,25,square,327.61104987469514,heart,875.0,875.0,649.4836410564934,triangle,35.0,55.25,42.0,31.0
716,x,551,838,25,25,heart,968.3207113348344,25,875,star,527.2997250141517,875,25,square,875.1828380401435,triangle,875.0,875.0,326.1058110491133,star,19.375,25.0,21.625,45.0
717,x,711,808,25,25,star,1041.001921227814,25,875,square,689.2641003272984,875,25,triangle,799.9906249450677,heart,875.0,875.0,177.15812146215595,heart,22.25,20.75,40.0,18.5
718,x,442,169,25,25,star,441.1632350955823,25,875,heart,819.9542670173746,875,25,square,456.31677593531447,triangle,875.0,875.0,828.2058922755863,star,31.625,35.25,39.0,53.25
719,x,129,125,25,25,star,144.27751037497146,25,875,square,757.1763334917435,875,25,triangle,752.6725715741208,heart,875.0,875.0,1057.8355259680022,square,44.75,22.125,22.375,31.625
720,x,547,533,25,25,triangle,728.3872596359714,25,875,heart,624.0576896409498,875,25,square,604.6883494826075,star,875.0,875.0,473.864959666781,star,23.25,25.25,28.5,45.75
721,x,583,811,25,25,heart,963.92945799991,25,875,square,561.6582590864306,875,25,triangle,838.4867321550174,star,875.0,875.0,298.9314302645341,square,40.75,22.375,22.625,21.75
722,x,727,773,25,25,heart,1025.8206470918783,25,875,star,709.3715528550606,875,25,square,762.5011475401201,triangle,875.0,875.0,179.74426277353055,triangle,23.75,47.25,26.25,28.625
723,x,217,619,25,25,heart,624.2595614005444,25,875,square,320.0,875,25,star,886.4536084872124,triangle,875.0,875.0,706.0453243241541,square,47.0,29.375,26.625,18.0
724,x,579,630,25,25,triangle,820.3298117220902,25,875,heart,605.7565517598633,875,25,square,673.5287670174155,star,875.0,875.0,384.24080990961903,star,33.75,31.75,35.5,49.5
725,x,234,742,25,25,star,746.8400096406191,25,875,square,247.72969139770063,875,25,heart,961.7536066997616,triangle,875.0,875.0,654.6525796176168,square,43.5,26.0,20.5,19.875
726,x,129,692,25,25,triangle,675.0592566582582,25,875,heart,210.48752932181043,875,25,square,1000.702253420067,star,875.0,875.0,768.1178295027398,heart,17.375,17.5,41.75,20.0
727,x,496,729,25,25,star,847.0283348271178,25,875,square,493.1095213033307,875,25,triangle,799.5354901441211,heart,875.0,875.0,406.1489874418007,square,41.25,19.125,23.875,16.875
728,x,854,271,25,25,star,864.7294374542826,25,875,heart,1025.6982987214126,875,25,square,246.89471440271865,triangle,875.0,875.0,604.3649559661777,square,51.25,38.5,35.25,26.125
729,x,597,488,25,25,star,735.9028468486856,25,875,triangle,690.6178393293935,875,25,heart,540.049071844402,square,875.0,875.0,476.5007869878076,square,53.5,41.25,29.875,25.375
730,x,306,193,25,25,heart,327.3912033027155,25,875,star,737.6211764855996,875,25,square,593.2832375855565,triangle,875.0,875.0,888.1919837512609,star,20.25,22.75,27.625,44.75
731,x,230,485,25,25,triangle,503.6119537898202,25,875,square,440.5961870012041,875,25,star,792.2278712592735,heart,875.0,875.0,753.7406715840667,square,50.5,30.875,32.25,24.875
732,x,591,575,25,25,square,789.2122654900899,25,875,star,640.5903527216126,875,25,triangle,618.9959612146108,heart,875.0,875.0,413.10531344924624,star,19.125,19.625,27.875,45.25
733,x,535,429,25,25,square,650.6273895249108,25,875,triangle,677.5071955337448,875,25,star,528.0303021607756,heart,875.0,875.0,560.817260790001,triangle,30.75,54.0,40.75,29.0
734,x,823,236,25,25,star,825.4241334005203,25,875,heart,1022.3135526833242,875,25,triangle,217.3131381210073,square,875.0,875.0,641.1123146532127,triangle,37.0,52.0,32.5,27.375
735,x,752,676,25,25,triangle,975.8739672724136,25,875,star,753.7439883674032,875,25,heart,662.5179242858264,square,875.0,875.0,233.94443784796425,square,42.75,20.75,20.75,20.5
736,x,573,102,25,25,square,553.383230681957,25,875,triangle,947.5405004536746,875,25,star,311.661675539358,heart,875.0,875.0,829.8993914927279,triangle,39.75,54.25,34.5,39.75
737,x,250,819,25,25,star,825.2642001201797,25,875,heart,231.8641843838759,875,25,square,1010.4756305819552,triangle,875.0,875.0,627.5037848491434,heart,17.0,23.625,43.0,19.125
738,x,60,661,25,25,heart,636.9623222766006,25,875,triangle,216.8432613663611,875,25,star,1033.7896304374503,square,875.0,875.0,842.6274384329055,triangle,28.0,46.25,26.75,18.0
739,x,747,130,25,25,star,729.5950931852543,25,875,square,1037.4531314714898,875,25,triangle,165.55663683464942,heart,875.0,875.0,755.916000624408,triangle,26.125,46.0,27.25,25.25
740,x,176,65,25,25,heart,156.20819440733575,25,875,triangle,823.9544890344368,875,25,square,700.143556708194,star,875.0,875.0,1069.9070053046669,heart,31.5,34.75,48.75,27.0
741,x,584,728,25,25,triangle,898.159228644899,25,875,heart,578.0051902881149,875,25,square,760.848210880462,star,875.0,875.0,326.02147168553176,heart,25.875,26.375,48.0,30.375
742,x,182,358,25,25,square,368.1548587211637,25,875,triangle,540.3128723249151,875,25,star,768.8549928302475,heart,875.0,875.0,864.6027989776577,triangle,27.75,48.75,31.5,24.625
743,x,729,397,25,25,star,796.2411694957754,25,875,heart,850.9406559801923,875,25,triangle,399.6248240537617,square,875.0,875.0,499.799959983992,square,46.0,24.125,29.75,21.0
744,x,830,427,25,25,triangle,899.7938652824879,25,875,star,921.264891331478,875,25,square,404.5108156774056,heart,875.0,875.0,450.2543725495623,heart,28.375,24.375,48.5,30.25
745,x,635,351,25,25,triangle,691.6473089660655,25,875,heart,804.1616752867548,875,25,square,404.8160075886328,star,875.0,875.0,576.3471176296451,star,31.125,29.75,31.5,50.0
746,x,237,567,25,25,star,581.9862541332054,25,875,heart,373.9090798576574,875,25,square,837.1427596294434,triangle,875.0,875.0,708.4546562766033,heart,21.25,26.75,43.5,23.0
747,x,240,332,25,25,star,374.79861259081525,25,875,triangle,584.0154107555725,875,25,heart,705.3183678311518,square,875.0,875.0,835.5082285651051,triangle,32.75,50.25,30.0,24.125
748,x,49,425,25,25,heart,400.7193531637822,25,875,triangle,450.6395455350096,875,25,square,917.7559588474488,star,875.0,875.0,940.62532392021,triangle,27.625,50.75,34.0,25.625
749,x,599,786,25,25,triangle,953.2035459438872,25,875,square,580.8588468810646,875,25,star,809.5041692295353,heart,875.0,875.0,289.99482754007875,square,41.75,21.125,24.125,17.0
750,x,870,108,25,25,heart,849.0665462730233,25,875,triangle,1141.1897300624466,875,25,star,83.15046602394962,square,875.0,875.0,767.0162970889211,star,22.625,20.875,24.5,43.0
751,x,507,318,25,25,square,564.0682582808573,25,875,triangle,736.5955470948762,875,25,star,470.3966411444708,heart,875.0,875.0,667.5874474553876,triangle,34.25,56.25,42.75,34.5
752,x,768,412,25,25,square,837.7457848297418,25,875,star,875.4530255816128,875,25,heart,401.5196134686324,triangle,875.0,875.0,475.20311446790834,star,24.875,33.5,29.75,49.5
753,x,484,142,25,25,star,473.6771052098677,25,875,heart,864.8525885953051,875,25,square,408.1298812878077,triangle,875.0,875.0,830.7647079648966,heart,30.125,40.0,51.75,31.375
754,x,300,196,25,25,star,323.8302024209601,25,875,heart,732.5749108453006,875,25,square,599.8883229401953,triangle,875.0,875.0,889.7561463682058,star,19.75,23.875,26.75,44.75
755,x,571,683,25,25,heart,855.0321631377384,25,875,star,578.7745675131208,875,25,triangle,724.8310147889645,square,875.0,875.0,359.5552808679077,square,43.0,20.25,25.375,30.5
756,x,497,278,25,25,square,535.5305780251955,25,875,triangle,761.0473047058244,875,25,heart,454.8549219256619,star,875.0,875.0,706.606679843886,heart,29.625,32.5,53.25,35.5
757,x,122,42,25,25,triangle,98.47842403288143,25,875,square,838.6286424872453,875,25,star,753.1918746242553,heart,875.0,875.0,1122.8971457796124,triangle,28.875,49.0,26.75,24.125
758,x,566,681,25,25,square,850.304063262078,25,875,heart,574.7321115093536,875,25,triangle,725.1324017033028,star,875.0,875.0,364.8520247990958,heart,18.0,20.875,44.0,27.5
759,x,526,865,25,25,star,978.0598141218154,25,875,triangle,501.099790460942,875,25,heart,909.6158529841044,square,875.0,875.0,349.1432370818601,triangle,37.5,52.0,28.5,25.375
760,x,858,447,25,25,heart,933.7949453707704,25,875,triangle,936.5217562875944,875,25,square,422.3422782530776,star,875.0,875.0,428.33748376718097,star,27.0,29.0,24.625,46.5
761,x,390,228,25,25,heart,417.65296598970775,25,875,square,742.8553021955217,875,25,triangle,525.7699116533771,star,875.0,875.0,808.6000247341079,square,49.25,30.5,34.25,32.5
762,x,104,232,25,25,triangle,221.56263222845135,25,875,heart,647.8348554994552,875,25,star,798.304453200657,square,875.0,875.0,1003.937249035018,triangle,38.0,55.75,42.0,22.125
763,x,262,158,25,25,triangle,271.7682836535566,25,875,heart,755.1542888708241,875,25,star,627.2623055787745,square,875.0,875.0,943.3228503540026,square,58.0,44.75,42.5,25.5
764,x,455,500,25,25,square,640.7222487162437,25,875,triangle,570.5479822065801,875,25,heart,634.0544140686981,star,875.0,875.0,563.0497313737038,triangle,32.5,52.5,34.5,38.25
765,x,109,643,25,25,star,623.6826115902222,25,875,square,246.73872821265817,875,25,heart,984.2154235735184,triangle,875.0,875.0,800.3624179082874,square,43.75,23.375,19.375,17.125
766,x,240,376,25,25,square,411.61389675277,25,875,star,543.3470345920736,875,25,triangle,725.5522034974465,heart,875.0,875.0,807.6051015193007,star,23.25,21.875,30.75,47.75
767,x,549,132,25,25,square,534.8130514488217,25,875,heart,909.1891992319312,875,25,star,343.11076928595526,triangle,875.0,875.0,811.3722943261004,star,34.25,38.25,35.75,52.0
768,x,689,662,25,25,heart,920.1440104679268,25,875,triangle,697.3270394872122,875,25,square,663.6000301386371,star,875.0,875.0,282.7808338625516,triangle,26.375,48.25,28.0,28.375
769,x,150,271,25,25,triangle,275.9365869180816,25,875,star,616.7989948111135,875,25,heart,765.5984587236314,square,875.0,875.0,943.6318137917988,square,47.75,27.125,23.125,30.5
770,x,356,559,25,25,triangle,628.265071446758,25,875,heart,457.6210222443895,875,25,star,744.6589823536677,square,875.0,875.0,607.6322901228999,square,45.5,24.25,27.375,20.375
771,x,448,273,25,25,star,490.33967818238,25,875,square,735.7533554119885,875,25,heart,493.7944916663207,triangle,875.0,875.0,738.0602956398617,star,37.5,36.25,34.5,52.5
772,x,252,793,25,25,star,800.8451785457661,25,875,heart,241.3565826738521,875,25,square,988.9150620756062,triangle,875.0,875.0,628.3732966955232,heart,17.5,22.625,42.0,18.5
773,x,815,714,25,25,heart,1048.2466312848328,25,875,star,806.2387983717975,875,25,triangle,691.6075476742573,square,875.0,875.0,171.81676286090365,square,43.0,17.0,19.375,20.875
774,x,329,349,25,25,square,444.2881947565117,25,875,triangle,607.5294231557842,875,25,star,634.8952669535346,heart,875.0,875.0,758.1503808612115,heart,25.75,34.25,50.25,28.875
775,x,484,830,25,25,star,926.663908868798,25,875,square,461.2006071114824,875,25,triangle,894.9335170838111,heart,875.0,875.0,393.58099547615353,square,42.75,22.875,24.125,20.875
776,x,117,453,25,25,heart,437.7761985307104,25,875,square,431.9120280797931,875,25,triangle,870.4872198946978,star,875.0,875.0,867.5528802326692,square,42.25,18.0,23.0,17.0
777,x,353,817,25,25,star,857.232757190251,25,875,square,333.08857680803163,875,25,triangle,948.5504730903886,heart,875.0,875.0,525.2123380119701,square,41.5,21.25,23.625,19.0
778,x,293,672,25,25,triangle,700.3092174175633,25,875,heart,336.2038072360276,875,25,star,870.2488149948841,square,875.0,875.0,616.3870537251736,square,47.5,22.125,31.0,16.125
779,x,694,248,25,25,square,705.1879182175486,25,875,star,916.8914875818184,875,25,triangle,287.2107240337658,heart,875.0,875.0,652.6024823734583,heart,31.375,34.5,53.0,36.0
780,x,55,758,25,25,triangle,733.6136585424238,25,875,star,120.78493283518438,875,25,square,1099.858627278979,heart,875.0,875.0,828.304895554771,star,13.875,15.625,19.0,42.25
781,x,781,792,25,25,square,1076.951716652144,25,875,heart,760.5425694857587,875,25,triangle,772.7386362800814,star,875.0,875.0,125.39936203984452,star,14.5,18.875,23.625,43.25
782,x,218,161,25,25,heart,236.10379073619296,25,875,star,739.6249049349271,875,25,triangle,670.9284611640797,square,875.0,875.0,970.2808871661856,heart,25.0,17.25,43.75,26.375
783,x,93,571,25,25,heart,550.2181385596081,25,875,triangle,311.5124395590006,875,25,square,953.7504914808694,star,875.0,875.0,839.01132292717,triangle,33.75,53.25,36.5,33.75
784,x,151,78,25,25,star,136.69308687713507,25,875,square,806.8983826975984,875,25,heart,725.9373251183604,triangle,875.0,875.0,1076.7474169924903,star,23.25,20.625,21.75,41.5
785,x,409,54,25,25,square,385.0934951411151,25,875,heart,906.3647168772624,875,25,triangle,466.9014885390707,star,875.0,875.0,944.0323087691438,square,48.75,34.75,35.75,27.625
786,x,279,849,25,25,star,862.259821631508,25,875,square,255.32724100651697,875,25,heart,1016.9523095996192,triangle,875.0,875.0,596.5668445363017,square,46.0,28.5,22.0,21.875
787,x,121,329,25,25,heart,318.7977415227404,25,875,square,554.3753241261736,875,25,star,812.9772444539884,triangle,875.0,875.0,930.9307170783442,square,40.5,20.375,21.375,12.3125
788,x,139,497,25,25,square,485.5718278483627,25,875,triangle,394.8164130326904,875,25,heart,874.3454694798847,star,875.0,875.0,827.3934976781,triangle,31.375,53.75,32.0,33.25
789,x,202,759,25,25,star,755.0397340537781,25,875,square,211.62466774929615,875,25,triangle,995.8338214782624,heart,875.0,875.0,682.9238610562674,square,40.75,18.375,21.625,16.5
790,x,347,588,25,25,heart,648.5776746080611,25,875,square,431.3386140841091,875,25,triangle,771.8503741010948,star,875.0,875.0,600.9600652289635,square,44.0,21.375,26.0,23.875
791,x,827,753,25,25,heart,1083.138033678072,25,875,star,811.2262323174714,875,25,triangle,729.5807014991556,square,875.0,875.0,131.10301293257908,square,45.5,19.75,20.25,21.875
792,x,395,778,25,25,triangle,838.9928485988423,25,875,heart,382.50359475435,875,25,star,892.9776033025688,square,875.0,875.0,489.70297119784766,square,44.5,22.125,27.625,13.625
793,x,491,543,25,25,star,696.7639485507269,25,875,heart,572.1713030203455,875,25,triangle,644.8100495494778,square,875.0,875.0,507.6219065406851,heart,34.5,27.875,52.0,24.5
794,x,686,115,25,25,triangle,667.0989431860914,25,875,square,1007.2343322186748,875,25,star,209.3346602930341,heart,875.0,875.0,783.1481341355542,star,28.625,28.125,27.5,48.5
795,x,758,623,25,25,triangle,945.9878434736886,25,875,heart,775.1083795186322,875,25,star,609.3381655534142,square,875.0,875.0,277.83628272779634,square,44.0,21.0,23.5,18.5
796,x,738,454,25,25,triangle,832.1117713384423,25,875,star,828.0157003342389,875,25,square,450.3443127208336,heart,875.0,875.0,442.7301661283089,heart,27.625,25.75,50.5,34.5
797,x,328,421,25,25,triangle,498.6231041578399,25,875,square,545.8250635505849,875,25,star,675.2962312940892,heart,875.0,875.0,710.8621526006291,square,49.25,30.25,31.5,21.5
798,x,214,44,25,25,heart,189.952625672824,25,875,triangle,852.2218021149189,875,25,square,661.2730147223612,star,875.0,875.0,1061.829553176968,heart,28.0,27.75,46.5,22.625
799,x,546,327,25,25,star,602.2001328462159,25,875,heart,756.138214878735,875,25,square,446.5926555598513,triangle,875.0,875.0,639.1752498337213,heart,33.5,42.75,55.0,32.0
800,x,258,531,25,25,heart,557.0682184436661,25,875,star,415.4816482108446,875,25,triangle,797.950499717871,square,875.0,875.0,706.4170156501045,square,45.0,21.75,26.875,29.75
801,x,245,538,25,25,triangle,558.1836615308621,25,875,square,402.4537240478711,875,25,heart,812.4463059181204,star,875.0,875.0,714.4711330767675,square,48.25,30.0,26.25,30.625
802,x,701,555,25,25,square,858.9970896341849,25,875,triangle,747.9144336085512,875,25,heart,557.8315157823193,star,875.0,875.0,364.2471688290796,star,27.75,35.0,32.75,52.5
803,x,397,70,25,25,square,374.7118893229837,25,875,star,886.7970455521375,875,25,triangle,480.1135282409776,heart,875.0,875.0,936.2205936636942,star,30.75,23.5,32.0,46.75
804,x,658,128,25,25,star,641.3251905234972,25,875,square,979.1312475863488,875,25,triangle,240.20407989873945,heart,875.0,875.0,777.8804535402596,triangle,31.0,49.75,31.125,29.5
805,x,286,733,25,25,triangle,754.5760399058533,25,875,square,297.1279185805333,875,25,heart,920.9695977609684,star,875.0,875.0,605.875399731661,square,41.0,20.5,18.625,17.75
806,x,604,560,25,25,triangle,788.3311486932379,25,875,heart,659.1403492428605,875,25,square,599.7216020788312,star,875.0,875.0,415.5309856075717,star,24.25,23.625,26.625,45.0
807,x,635,404,25,25,heart,718.1510983073131,25,875,star,770.6756775713114,875,25,square,448.5989300031823,triangle,875.0,875.0,528.6217929673351,heart,28.125,36.25,52.25,36.5
808,x,442,331,25,25,star,517.228189487,25,875,heart,685.4378162897054,875,25,square,530.2122216622322,triangle,875.0,875.0,695.2877102322462,heart,30.5,38.75,53.5,30.0
809,x,742,420,25,25,star,818.6049108086269,25,875,square,849.1843145042188,875,25,heart,416.7901150459305,triangle,875.0,875.0,474.0400826934364,triangle,43.75,56.25,38.0,35.0
810,x,809,860,25,25,triangle,1145.373738130921,25,875,heart,784.1434817684835,875,25,square,837.6043218608653,star,875.0,875.0,67.68308503607086,star,15.25,18.75,22.25,43.5
811,x,149,99,25,25,star,144.40221604947757,25,875,triangle,785.8447683862253,875,25,heart,729.7616049094389,square,875.0,875.0,1062.662693426282,star,26.75,29.25,29.125,48.25
812,x,518,343,25,25,star,586.6625946828381,25,875,triangle,725.3088997110128,875,25,heart,478.0930871702706,square,875.0,875.0,640.6816682253364,triangle,41.25,53.0,39.5,35.0
813,x,109,28,25,25,heart,84.0535543567314,25,875,star,851.1550974998622,875,25,triangle,766.0058746511021,square,875.0,875.0,1142.0004378282874,heart,22.625,19.125,42.5,21.0
814,x,377,35,25,25,star,352.14201680572,25,875,square,910.77110186918,875,25,triangle,498.1003914874992,heart,875.0,875.0,976.5264973363498,star,30.25,28.25,24.75,45.5
815,x,406,454,25,25,triangle,573.7612743990309,25,875,heart,567.8045438352884,875,25,star,635.6115165728198,square,875.0,875.0,630.2396369635918,square,50.25,28.75,37.0,23.75
816,x,719,638,25,25,star,925.9616622733364,25,875,heart,733.3518937045162,875,25,triangle,632.5385363754527,square,875.0,875.0,283.7340303876149,square,47.75,23.25,32.75,19.5
817,x,284,357,25,25,square,421.0760026408534,25,875,star,579.1416061724456,875,25,triangle,677.8679812470862,heart,875.0,875.0,785.8784893353425,star,24.75,23.375,32.0,47.75
818,x,417,421,25,25,star,557.2073222778035,25,875,heart,599.8166386488457,875,25,square,605.4585039455635,triangle,875.0,875.0,644.8875871033648,heart,28.0,36.75,53.75,33.75
819,x,571,405,25,25,square,665.2187610102409,25,875,heart,720.4276507741773,875,25,triangle,486.6374420448965,star,875.0,875.0,559.7463711360708,heart,27.75,27.875,50.0,34.75
820,x,67,74,25,25,star,64.53681120105021,25,875,square,802.1003677844813,875,25,triangle,809.4844038028157,heart,875.0,875.0,1137.7455778863743,star,22.625,17.875,17.0,43.0
821,x,835,379,25,25,heart,883.9773752760871,25,875,triangle,949.7978732340896,875,25,star,356.2527192878673,square,875.0,875.0,497.6102892826876,triangle,41.75,55.0,33.5,29.375
822,x,658,207,25,25,triangle,658.6448208253064,25,875,heart,920.2787621150452,875,25,star,283.2189965380147,square,875.0,875.0,702.3624420482632,square,55.25,38.75,35.75,29.0
823,x,550,583,25,25,heart,766.1520736772824,25,875,star,600.740376535488,875,25,square,645.7468544251686,triangle,875.0,875.0,436.9084572310314,star,19.625,22.875,23.5,43.5
824,x,52,530,25,25,triangle,505.7212671027391,25,875,square,346.0549089378736,875,25,heart,965.5847968977142,star,875.0,875.0,892.3866874847473,square,46.5,26.75,22.375,19.5
825,x,49,796,25,25,square,771.3734504116667,25,875,triangle,82.56512580987206,875,25,star,1129.91902364727,heart,875.0,875.0,829.7692450314123,triangle,22.75,44.75,27.75,18.875
826,x,158,167,25,25,square,194.5584745005984,25,875,star,720.3839254175513,875,25,heart,730.9261248580461,triangle,875.0,875.0,1007.647259709468,star,33.0,30.625,27.75,48.25
827,x,846,434,25,25,square,917.2360655796303,25,875,heart,931.9452773634298,875,25,star,410.0268283905335,triangle,875.0,875.0,441.9524861339735,triangle,27.25,49.0,33.25,27.875
828,x,507,530,25,25,star,698.1038604677674,25,875,square,592.7469949312269,875,25,triangle,624.8591841367141,heart,875.0,875.0,504.4293805876101,square,49.0,24.125,36.5,28.25
829,x,518,67,25,25,heart,494.7858122460667,25,875,star,946.52680891774,875,25,triangle,359.4620981410975,square,875.0,875.0,883.3532702152634,square,46.75,30.25,30.5,29.0
830,x,433,703,25,25,triangle,791.2951408924486,25,875,heart,442.77307957914513,875,25,star,809.350356767698,square,875.0,875.0,474.2868330451521,square,46.25,21.75,28.25,16.5
831,x,299,146,25,25,star,299.5279619668254,25,875,triangle,778.7920133129255,875,25,heart,588.5720006932032,square,875.0,875.0,929.09472068245,star,29.625,30.375,29.625,49.25
832,x,36,345,25,25,heart,320.18900668199086,25,875,triangle,530.1141386531772,875,25,square,897.953785002324,star,875.0,875.0,992.3814790694151,triangle,31.125,50.0,33.5,26.25
833,x,159,110,25,25,square,158.68522300453813,25,875,star,776.6472815892681,875,25,triangle,721.0277387174505,heart,875.0,875.0,1047.7981675876324,star,32.75,24.875,28.125,46.25
834,x,853,595,25,25,triangle,1005.2283322708328,25,875,star,874.0617827133274,875,25,square,570.4244034050437,heart,875.0,875.0,280.8629559055448,heart,25.625,23.0,46.0,29.375
835,x,118,653,25,25,triangle,634.8488008967174,25,875,square,240.6927502024105,875,25,heart,983.5817200416038,star,875.0,875.0,788.880852854219,square,44.75,22.625,20.625,19.875
836,x,363,214,25,25,triangle,387.253147178948,25,875,heart,742.4048760615733,875,25,star,545.7700981182461,square,875.0,875.0,836.1010704454336,square,52.5,36.5,36.75,28.25
837,x,479,785,25,25,heart,885.2773576682056,25,875,star,462.834743726095,875,25,square,856.9807465748574,triangle,875.0,875.0,406.0985102164252,star,17.875,21.5,21.5,42.75
838,x,861,313,25,25,star,884.2171678948561,25,875,heart,1007.3430398826408,875,25,triangle,288.3400769924292,square,875.0,875.0,562.1743501797285,square,43.25,21.125,23.625,16.75
839,x,380,330,25,25,star,468.0277769534625,25,875,triangle,650.4229393248673,875,25,heart,581.4206738670375,square,875.0,875.0,736.2404498531713,triangle,41.25,55.25,36.25,28.5
840,x,295,196,25,25,heart,319.59505628216465,25,875,square,730.7126658269993,875,25,triangle,604.6825613493414,star,875.0,875.0,892.9955207054512,heart,37.0,29.625,51.5,29.75
841,x,138,857,25,25,heart,839.6386127376468,25,875,square,114.42464769445436,875,25,triangle,1111.4823435394735,star,875.0,875.0,737.2197772713372,square,43.0,22.0,20.375,20.5
842,x,372,360,25,25,square,482.32146956153633,25,875,heart,620.9943639035704,875,25,triangle,604.345927428985,star,875.0,875.0,719.8847129922957,star,24.875,24.625,30.125,47.0
843,x,502,73,25,25,star,479.4090111793895,25,875,square,933.1307518242018,875,25,triangle,376.0757902338304,heart,875.0,875.0,884.4959016298493,star,38.5,36.75,35.75,50.75
844,x,562,52,25,25,star,537.6783425060005,25,875,square,982.6993436448404,875,25,heart,314.1623783969048,triangle,875.0,875.0,880.5100794425922,square,48.5,33.75,34.0,34.5
845,x,405,496,25,25,heart,605.1784860683664,25,875,triangle,536.6945127351313,875,25,square,665.3878568173603,star,875.0,875.0,603.7723080764802,triangle,34.25,57.5,40.0,39.25
846,x,125,412,25,25,square,399.7111457039946,25,875,triangle,473.67604963730224,875,25,heart,843.9603071235044,star,875.0,875.0,881.4017245274711,triangle,26.125,49.0,27.75,28.25
847,x,61,610,25,25,heart,586.1066455859377,25,875,square,267.4341040331244,875,25,triangle,1002.4076017269622,star,875.0,875.0,856.0496480929129,square,41.0,15.0,19.25,15.625
848,x,813,560,25,25,heart,952.454198373864,25,875,star,848.6277157859034,875,25,triangle,538.5805417948183,square,875.0,875.0,321.04361074470864,square,42.75,20.625,21.0,21.875
849,x,103,414,25,25,heart,396.7429898561536,25,875,square,467.552136130293,875,25,triangle,864.468044522179,star,875.0,875.0,899.1690608556324,square,42.75,20.0,23.5,20.5
850,x,575,692,25,25,triangle,864.5166279488209,25,875,heart,579.6455813684772,875,25,star,731.3610599423516,square,875.0,875.0,351.4100169317887,square,45.25,20.125,27.5,14.0
851,x,707,115,25,25,heart,687.9127851697481,25,875,star,1021.1385802132831,875,25,square,190.58856209122308,triangle,875.0,875.0,778.3469663331387,square,43.0,24.5,24.875,23.625
852,x,838,655,25,25,heart,1028.5275883514255,25,875,square,842.2404644755558,875,25,star,631.0855726444711,triangle,875.0,875.0,223.0896680709351,triangle,25.375,43.75,24.0,23.125
853,x,496,872,25,25,heart,969.1491113342672,25,875,star,471.00955404322747,875,25,square,927.9277989154114,triangle,875.0,875.0,379.0118731649445,triangle,27.0,52.0,31.0,35.75
854,x,213,749,25,25,triangle,748.010695110705,25,875,square,226.3183598385248,875,25,star,981.0300708948732,heart,875.0,875.0,673.8842630600599,square,41.25,20.75,22.5,14.1875
855,x,746,847,25,25,heart,1093.4006584962349,25,875,triangle,721.5434844830907,875,25,square,832.0606949015198,star,875.0,875.0,132.00378782444085,star,19.0,27.125,22.625,45.75
856,x,447,404,25,25,triangle,567.2080746956975,25,875,heart,632.3962365479415,875,25,star,571.6861026822324,square,875.0,875.0,636.4157446198201,square,49.75,29.625,34.25,26.625
857,x,852,449,25,25,triangle,929.3573048080054,25,875,square,930.2714657560986,875,25,heart,424.6233625226007,star,875.0,875.0,426.6204402041702,star,33.5,28.75,29.625,47.0
858,x,80,751,25,25,square,728.0803527084081,25,875,star,135.6502856613284,875,25,triangle,1076.6155302613836,heart,875.0,875.0,804.6123290131715,star,14.3125,13.75,24.125,43.0
859,x,232,253,25,25,star,307.9496712126837,25,875,triangle,655.5402352258784,875,25,square,682.226501977166,heart,875.0,875.0,894.6133242915623,triangle,27.25,51.25,32.75,30.375
860,x,199,870,25,25,star,862.728810229495,25,875,heart,174.07182425654074,875,25,triangle,1082.1279961261514,square,875.0,875.0,676.0184908713667,heart,24.375,19.5,42.5,19.75
861,x,255,404,25,25,square,443.3294486045338,25,875,star,524.1574191023151,875,25,triangle,726.6642966322207,heart,875.0,875.0,778.6147956467306,star,23.5,20.125,28.75,46.5
862,x,502,587,25,25,triangle,737.1383859222093,25,875,star,557.2010409179078,875,25,heart,674.5168641331364,square,875.0,875.0,471.2462201439922,square,44.25,21.25,23.875,25.5
863,x,58,145,25,25,triangle,124.45481107614924,25,875,square,730.7455097364608,875,25,star,825.7657052699634,heart,875.0,875.0,1095.6226540191656,triangle,34.0,53.25,26.0,20.75
864,x,276,134,25,25,triangle,273.64575640780544,25,875,heart,782.356696143134,875,25,square,608.8365954835501,star,875.0,875.0,952.8284210706564,triangle,29.0,51.25,31.125,28.0
865,x,367,235,25,25,square,401.3277961965754,25,875,star,725.6472972457074,875,25,triangle,549.6944605869701,heart,875.0,875.0,817.1070921244045,star,26.875,23.125,31.25,48.0
866,x,535,858,25,25,star,976.7236047111792,25,875,heart,510.2832546733236,875,25,square,899.7160663231484,triangle,875.0,875.0,340.42473470651333,triangle,26.25,50.75,35.25,22.75
867,x,208,539,25,25,square,545.6051685972192,25,875,triangle,382.602927328059,875,25,star,842.0718496660484,heart,875.0,875.0,746.8500518845801,triangle,28.125,51.75,36.5,26.25
868,x,117,59,25,25,triangle,98.08159868191385,25,875,square,821.1698971589253,875,25,heart,758.7621498203505,star,875.0,875.0,1113.7414421668973,triangle,28.625,47.75,28.375,21.0
869,x,559,704,25,25,square,863.826950262609,25,875,star,560.7111555872596,875,25,triangle,748.9305708809062,heart,875.0,875.0,359.3007097126305,star,21.625,21.125,28.75,45.0
870,x,668,319,25,25,star,707.0254592304296,25,875,square,850.0499985294982,875,25,heart,359.5622338344226,triangle,875.0,875.0,593.2832375855565,square,54.5,41.75,36.5,33.25
871,x,308,367,25,25,triangle,443.90652169122274,25,875,square,581.5092432627362,875,25,star,662.1578361689908,heart,875.0,875.0,761.2837841436004,square,46.25,25.75,29.25,18.25
872,x,285,552,25,25,heart,587.6470028852356,25,875,star,414.64322013027055,875,25,square,791.0935469336101,triangle,875.0,875.0,672.6284263990037,star,14.5625,17.875,19.375,40.0
873,x,530,455,25,25,triangle,663.2684222846735,25,875,heart,656.8295060363838,875,25,square,551.2939324897382,star,875.0,875.0,543.5301279598032,star,26.5,25.25,30.5,48.5
874,x,263,280,25,25,square,348.81083698761427,25,875,heart,640.834612049006,875,25,star,663.0,triangle,875.0,875.0,853.5625343230571,heart,26.625,30.0,48.5,29.0
875,x,519,159,25,25,square,511.85154097648274,25,875,heart,869.8804515564193,875,25,triangle,380.3840164886007,star,875.0,875.0,799.6199097071058,heart,34.75,28.125,48.25,34.0
876,x,374,308,25,25,triangle,449.3217110267431,25,875,square,665.800270351402,875,25,heart,575.4042057545287,star,875.0,875.0,756.6306893062163,square,53.75,39.0,34.75,36.75
877,x,583,343,25,25,triangle,642.2522868779838,25,875,heart,770.9656282870203,875,25,square,431.7267654431446,star,875.0,875.0,606.8673660693909,star,31.75,29.375,30.375,48.5
878,x,217,35,25,25,triangle,192.2602402994441,25,875,star,861.6635074087797,875,25,square,658.0759834547983,heart,875.0,875.0,1067.0351446883087,triangle,33.0,52.75,32.0,31.0
879,x,753,312,25,25,star,782.5298716343038,25,875,heart,920.300494403866,875,25,triangle,311.8541325684173,square,875.0,875.0,576.066836400083,square,42.0,20.375,24.875,17.125
880,x,753,261,25,25,square,765.2973278406243,25,875,star,952.3549758362162,875,25,triangle,265.6689669494727,heart,875.0,875.0,626.0031948800262,triangle,29.25,54.25,39.0,33.75
881,x,339,822,25,25,triangle,856.6241883113038,25,875,star,318.44151739369664,875,25,heart,960.4712385074318,square,875.0,875.0,538.61396194306,square,44.25,23.25,20.875,30.625
882,x,438,504,25,25,heart,632.4634376784163,25,875,square,555.1666416491538,875,25,star,648.3903145482665,triangle,875.0,875.0,573.2451482568343,square,48.75,31.625,30.75,22.5
883,x,558,724,25,25,star,879.0278721405823,25,875,square,553.976533799041,875,25,heart,767.521986655757,triangle,875.0,875.0,351.1267577385694,square,48.0,29.5,23.0,20.375
884,x,579,816,25,25,heart,965.7106191815434,25,875,square,557.1328387377646,875,25,star,844.5691209131435,triangle,875.0,875.0,301.822795693102,square,53.0,41.0,32.0,21.125
885,x,381,747,25,25,heart,804.9968944039474,25,875,square,378.31204051681993,875,25,triangle,874.8256969248217,star,875.0,875.0,510.31362905570137,square,41.75,18.0,22.125,18.25
886,x,163,827,25,25,square,813.7862127119137,25,875,star,146.10954794263105,875,25,heart,1072.4495326121412,triangle,875.0,875.0,713.616143315158,star,17.625,23.25,20.0,44.0
887,x,340,293,25,25,heart,413.580705546088,25,875,square,661.777152824121,875,25,star,598.3719578990981,triangle,875.0,875.0,790.5371591519275,triangle,39.5,54.75,41.0,29.375
888,x,478,85,25,25,triangle,456.9562342281808,25,875,heart,910.6640434320442,875,25,star,401.5084058895904,square,875.0,875.0,884.1430879671005,triangle,43.75,58.5,44.25,36.0
889,x,84,186,25,25,heart,171.47011401407536,25,875,star,691.5215108729445,875,25,square,807.2186816470492,triangle,875.0,875.0,1049.0004766443149,heart,22.875,22.125,48.0,32.5
890,x,103,67,25,25,star,88.58893836140041,25,875,square,811.7561210117236,875,25,triangle,773.1416429089821,heart,875.0,875.0,1117.5186799333603,star,21.0,17.875,15.9375,41.5
891,x,833,326,25,25,star,862.2441649556116,25,875,square,976.8648831849775,875,25,heart,303.9161068452937,triangle,875.0,875.0,550.6042135690573,square,54.5,40.0,35.0,31.25
892,x,40,184,25,25,star,159.70597985047397,25,875,triangle,691.1627883501831,875,25,square,850.0035294044372,heart,875.0,875.0,1083.8385488623294,star,26.0,34.25,26.25,50.0
893,x,451,510,25,25,square,645.5238183057229,25,875,triangle,560.9821744048558,875,25,star,644.2057124863144,heart,875.0,875.0,559.4649229397675,triangle,32.0,54.25,37.75,28.125
894,x,863,622,25,25,square,1028.9086451187004,25,875,heart,875.3587835853365,875,25,star,597.1205908357206,triangle,875.0,875.0,253.2844251034793,triangle,22.75,47.25,30.625,26.875
895,x,123,418,25,25,star,405.03456642612616,25,875,triangle,467.38955914739904,875,25,heart,848.5004419562786,square,875.0,875.0,879.9732950493441,triangle,30.5,49.25,27.0,25.625
896,x,576,527,25,25,star,745.3891601036333,25,875,triangle,651.6939465730827,875,25,heart,584.2987249686585,square,875.0,875.0,458.808238810072,square,52.5,40.0,30.75,26.75
897,x,175,389,25,25,triangle,393.6953136627359,25,875,star,508.62166686054576,875,25,heart,788.9841570019007,square,875.0,875.0,852.1713442729696,square,46.75,20.75,21.25,31.125
898,x,509,392,25,25,square,607.4084293126002,25,875,triangle,683.7726230261051,875,25,heart,518.3097529470191,star,875.0,875.0,606.0074256970784,triangle,36.0,56.75,39.25,40.0
899,x,659,437,25,25,triangle,756.1084578286371,25,875,heart,770.5841939723394,875,25,star,465.1881339845203,square,875.0,875.0,488.3646178829912,square,44.5,23.375,25.375,21.625
900,x,349,234,25,25,heart,385.56063077031087,25,875,star,718.2318567148077,875,25,triangle,566.0008833915367,square,875.0,875.0,829.1905691697175,square,48.25,24.125,34.0,33.25
901,x,683,45,25,25,square,658.3038811977337,25,875,triangle,1059.1808155362332,875,25,star,193.03885619221847,heart,875.0,875.0,851.9178364138176,star,26.875,27.125,23.625,44.25
902,x,515,643,25,25,star,788.684981472324,25,875,square,542.1475813835195,875,25,heart,715.2090603452951,triangle,875.0,875.0,428.28028205837353,square,52.5,37.25,29.625,26.375
903,x,856,95,25,25,square,833.9430436186874,25,875,triangle,1139.7197023830026,875,25,star,72.53275122315436,heart,875.0,875.0,780.2313759392146,star,25.25,24.875,25.125,44.5
904,x,617,779,25,25,triangle,958.6344454483158,25,875,star,599.733274047722,875,25,heart,796.919067408981,square,875.0,875.0,275.2816739269071,square,43.75,19.25,21.25,27.0
905,x,155,404,25,25,square,400.6756793218176,25,875,heart,488.6112974543262,875,25,triangle,813.6590194915804,star,875.0,875.0,860.3725937057735,heart,27.875,25.25,50.0,33.25
906,x,245,481,25,25,star,506.2963559023509,25,875,square,451.2604569425511,875,25,heart,777.7120289670206,triangle,875.0,875.0,743.0585441269079,square,53.0,36.25,30.625,32.5
907,x,216,827,25,25,heart,824.4301061945761,25,875,triangle,196.93907687404248,875,25,square,1038.0197493304258,star,875.0,875.0,660.7457907546593,triangle,24.0,48.25,28.375,27.375
908,x,292,581,25,25,heart,616.7860244849911,25,875,square,397.1460688462118,875,25,triangle,805.6208785775106,star,875.0,875.0,652.9356783022353,square,48.25,30.0,32.25,30.375
909,x,674,425,25,25,heart,762.3653979555997,25,875,star,789.7474279793508,875,25,triangle,447.6617026282235,square,875.0,875.0,492.8498757228209,star,35.5,25.875,34.75,48.25
910,x,597,527,25,25,square,761.0440197518144,25,875,heart,669.5431278117937,875,25,triangle,573.8362135662056,star,875.0,875.0,445.4076784250581,star,22.5,24.25,31.375,47.0
911,x,691,475,25,25,square,803.7760882235798,25,875,star,776.888666412376,875,25,triangle,486.1645811862481,heart,875.0,875.0,440.2908129861444,star,23.0,24.625,34.25,49.25
912,x,461,74,25,25,square,438.74480053899214,25,875,star,911.9742320921134,875,25,triangle,416.8896736547932,heart,875.0,875.0,901.6634627176594,star,29.375,23.0,26.25,44.0
913,x,410,730,25,25,square,803.2745483332582,25,875,star,411.40004861448426,875,25,triangle,844.5412956155549,heart,875.0,875.0,487.08315511830216,star,19.5,17.625,24.875,42.75
914,x,206,830,25,25,square,825.0975699879378,25,875,heart,186.51005334833832,875,25,triangle,1046.7024410022173,star,875.0,875.0,670.5117448635781,heart,19.875,22.5,45.25,28.875
915,x,113,338,25,25,heart,325.13535642867265,25,875,star,544.1626595054092,875,25,square,823.7797035615772,triangle,875.0,875.0,932.2086676275864,star,17.75,17.0,22.625,42.75
916,x,519,676,25,25,triangle,817.2129465445344,25,875,heart,532.5758161989709,875,25,square,741.9818057068516,star,875.0,875.0,407.8443330487749,heart,27.875,30.875,51.75,31.125
917,x,548,514,25,25,triangle,715.9958100436063,25,875,square,635.4919354327009,875,25,heart,588.2601465338273,star,875.0,875.0,487.08315511830216,star,33.75,30.125,29.375,47.5
918,x,349,141,25,25,star,344.13950659579905,25,875,triangle,802.3291095304968,875,25,heart,538.6390256934601,square,875.0,875.0,903.0127352368849,triangle,39.0,55.25,38.75,39.0
919,x,592,422,25,25,star,692.1690544946372,25,875,heart,725.7396227298052,875,25,triangle,487.54281863237406,square,875.0,875.0,534.1329422531436,heart,28.875,25.375,48.5,26.75
920,x,788,125,25,25,triangle,769.5251782755389,25,875,square,1069.8920506294082,875,25,star,132.5481044753187,heart,875.0,875.0,755.0291385105611,star,19.5,20.5,19.875,42.0
921,x,802,672,25,25,square,1011.1073137901832,25,875,heart,803.0803197688261,875,25,triangle,651.1052142319243,star,875.0,875.0,215.72667892497677,star,18.125,20.625,28.875,44.5
922,x,465,804,25,25,star,894.6736835293636,25,875,triangle,445.6915974078937,875,25,square,880.3073326969394,heart,875.0,875.0,416.1021509196991,triangle,22.75,45.5,28.125,19.875
923,x,678,691,25,25,triangle,932.71914315082,25,875,square,678.4283307763613,875,25,star,694.5250175479642,heart,875.0,875.0,269.56446353330773,square,47.5,21.25,31.5,16.875
924,x,675,510,25,25,triangle,811.0024660874959,25,875,star,745.469650623015,875,25,heart,524.6189093046495,square,875.0,875.0,416.2030754331352,square,46.25,26.0,27.125,30.125
925,x,647,847,25,25,triangle,1030.8093907216794,25,875,star,622.6299061240152,875,25,square,853.0345831207549,heart,875.0,875.0,229.71286424577968,heart,18.75,18.5,43.25,27.25
926,x,117,326,25,25,triangle,314.74592928265173,25,875,star,556.6551895024423,875,25,heart,815.5764832313399,square,875.0,875.0,935.930018751402,star,34.25,28.25,22.625,47.5
927,x,867,298,25,25,square,885.1513994792077,25,875,star,1020.7316003729874,875,25,triangle,273.11719096387907,heart,875.0,875.0,577.0554566070751,heart,30.5,36.5,53.0,37.25
928,x,267,854,25,25,square,863.6000231588696,25,875,star,242.90944814889357,875,25,heart,1028.0588504555565,triangle,875.0,875.0,608.3625563757191,star,19.25,27.625,24.5,46.5
929,x,469,853,25,25,triangle,939.5317982910424,25,875,star,444.5447109121871,875,25,heart,922.1821945797911,square,875.0,875.0,406.5956222095856,square,44.75,24.5,23.875,31.0
930,x,411,509,25,25,star,619.0735012904364,25,875,heart,531.9323265228388,875,25,triangle,670.486390615052,square,875.0,875.0,590.975464803743,heart,33.5,28.5,50.5,27.75
931,x,105,794,25,25,square,773.1500501196388,25,875,triangle,113.84638773364748,875,25,heart,1088.2375659753711,star,875.0,875.0,774.2486680647245,triangle,20.25,45.75,23.125,23.75
932,x,51,477,25,25,triangle,452.7471700629392,25,875,square,398.8483421051165,875,25,heart,939.829771820408,star,875.0,875.0,915.0846955336976,square,49.25,30.5,22.75,19.125
933,x,566,501,25,25,triangle,720.5948931265056,25,875,star,657.6906567680584,875,25,square,567.5006607925668,heart,875.0,875.0,485.1360633884065,star,27.875,27.875,36.0,51.25
934,x,726,56,25,25,square,701.6851145635056,25,875,star,1078.0361775005513,875,25,heart,152.190669884852,triangle,875.0,875.0,832.4433914687532,heart,19.25,19.125,39.25,17.875
935,x,111,622,25,25,square,603.1624988342694,25,875,triangle,267.21714016881475,875,25,heart,969.590119586622,star,875.0,875.0,804.8012176929158,triangle,28.5,51.25,32.75,33.25
936,x,295,27,25,25,heart,270.0074073057997,25,875,triangle,889.946065781517,875,25,square,580.0034482656116,star,875.0,875.0,1027.377243275322,heart,32.75,38.5,50.75,27.125
937,x,401,476,25,25,square,587.1771453317984,25,875,star,548.2490310068956,875,25,triangle,654.2759356724042,heart,875.0,875.0,619.5780822462976,star,21.125,18.375,24.875,43.75
938,x,324,712,25,25,square,749.2462879454258,25,875,star,340.5436829541843,875,25,heart,880.6645218242869,triangle,875.0,875.0,574.6042116100438,star,21.25,24.875,23.25,43.25
939,x,513,412,25,25,triangle,622.8266211394629,25,875,heart,672.6908651081862,875,25,star,529.9179181722392,square,875.0,875.0,587.7184700177459,square,46.75,25.625,29.875,24.0
940,x,480,237,25,25,star,501.9651382317302,25,875,heart,783.6255483328756,875,25,square,448.2956613664692,triangle,875.0,875.0,750.3792374526363,heart,30.625,37.25,52.75,33.0
941,x,722,773,25,25,heart,1022.4054968553328,25,875,star,704.4238780734225,875,25,square,763.487393478111,triangle,875.0,875.0,183.88311504866343,triangle,23.5,48.25,26.125,29.625
942,x,775,396,25,25,square,836.7442859081859,25,875,triangle,889.9106696742095,875,25,heart,384.24080990961903,star,875.0,875.0,489.3270889701489,triangle,30.0,56.0,36.0,40.0
943,x,131,499,25,25,square,485.70773104820967,25,875,star,390.6558587811016,875,25,heart,882.1632501980572,triangle,875.0,875.0,833.6138194631852,star,25.0,28.5,25.625,46.0
944,x,863,99,25,25,triangle,841.2609583238723,25,875,heart,1142.1120785632206,875,25,star,74.96665925596525,square,875.0,875.0,776.0927779589242,star,21.375,24.25,19.0,45.0
945,x,594,433,25,25,triangle,700.1606958406048,25,875,star,720.5032963144582,875,25,square,495.4038756408754,heart,875.0,875.0,523.7604414233667,star,25.0,27.25,34.75,48.75
946,x,27,814,25,25,heart,789.002534850174,25,875,star,61.032778078668514,875,25,triangle,1158.2853707096538,square,875.0,875.0,850.1911549763382,star,23.5,16.875,19.375,41.5
947,x,245,521,25,25,square,542.6011426453136,25,875,triangle,416.7925143281727,875,25,heart,801.8204287744232,star,875.0,875.0,722.6451411308319,star,28.75,34.5,32.5,51.75
948,x,63,441,25,25,heart,417.7319714841085,25,875,square,435.6604182158393,875,25,star,912.3595782365636,triangle,875.0,875.0,920.7062506576134,square,45.25,22.875,27.875,16.5
949,x,564,248,25,25,triangle,583.3095233235953,25,875,star,826.8313008105099,875,25,square,382.6878623630491,heart,875.0,875.0,699.8928489418934,heart,35.25,34.0,54.75,37.5
950,x,744,131,25,25,square,726.7716285051309,25,875,triangle,1034.6482494065317,875,25,heart,168.51409436602032,star,875.0,875.0,755.4449020279375,heart,30.5,36.5,53.5,35.75
951,x,259,259,25,25,triangle,330.92597359530424,25,875,star,658.9476458718098,875,25,heart,658.9476458718098,square,875.0,875.0,871.1555544218265,square,48.5,26.625,26.375,29.625
952,x,312,831,25,25,heart,855.5729074719466,25,875,star,290.3532331488665,875,25,triangle,983.1607193129718,square,875.0,875.0,564.7167431553628,star,26.75,19.125,22.0,42.75
953,x,236,688,25,25,star,695.7657651825074,25,875,heart,281.9397098671984,875,25,square,920.8094265373264,triangle,875.0,875.0,665.800270351402,heart,15.875,21.625,42.0,17.0
954,x,74,450,25,25,heart,427.815380742675,25,875,star,427.815380742675,875,25,square,906.766783688066,triangle,875.0,875.0,906.766783688066,star,22.875,19.625,26.875,44.5
955,x,314,228,25,25,star,353.17134651610684,25,875,square,708.6113180016249,875,25,heart,596.5986925899184,triangle,875.0,875.0,856.3468923281032,star,38.25,36.0,35.5,51.0
956,x,139,423,25,25,star,414.004830889689,25,875,square,466.1544808322666,875,25,triangle,836.7197858303579,heart,875.0,875.0,863.7129152675674,square,43.75,20.875,23.0,21.625
957,x,233,255,25,25,heart,310.1032086257735,25,875,square,653.9602434399204,875,25,star,681.9560103115156,triangle,875.0,875.0,892.5043417261342,square,47.0,29.0,34.75,23.875
958,x,524,743,25,25,heart,874.3712026365004,25,875,square,516.1637337124723,875,25,triangle,799.2027277230728,star,875.0,875.0,375.0,square,41.5,20.875,24.0,18.5
959,x,249,440,25,25,heart,471.59410513703415,25,875,triangle,489.2862148068347,875,25,star,751.0665749452575,square,875.0,875.0,762.2998097861497,triangle,35.25,54.5,34.75,25.5
960,x,180,745,25,25,star,736.4950780555156,25,875,square,202.2992832414391,875,25,triangle,1000.7122463525666,heart,875.0,875.0,707.0537461890715,square,41.25,18.125,20.375,17.75
961,x,125,156,25,25,star,164.80594649465775,25,875,square,725.92079457748,875,25,triangle,761.3547136519219,heart,875.0,875.0,1038.9711256815565,star,30.25,19.75,20.25,43.25
962,x,669,249,25,25,heart,681.8445570656115,25,875,square,898.1158054504998,875,25,star,304.32219767871027,triangle,875.0,875.0,659.0235200658623,triangle,39.5,52.0,37.25,35.75
963,x,527,619,25,25,heart,777.7146006087323,25,875,triangle,563.5068766217498,875,25,square,688.433003276281,star,875.0,875.0,432.0185181216194,triangle,28.625,52.75,31.625,35.5
964,x,98,690,25,25,heart,668.9947682904553,25,875,triangle,198.8818744883505,875,25,star,1022.718925218459,square,875.0,875.0,798.7202263621474,triangle,32.0,50.0,30.125,20.875
965,x,667,709,25,25,star,938.093811939936,25,875,triangle,663.1138665417878,875,25,heart,714.9265696559332,square,875.0,875.0,266.12027356065903,square,49.25,35.0,26.125,20.75
966,x,150,401,25,25,triangle,396.2335170073324,25,875,heart,490.2050591334202,875,25,square,816.7012917829873,star,875.0,875.0,866.1991687827921,star,35.75,32.5,34.5,49.25
967,x,139,48,25,25,heart,116.29703349613008,25,875,triangle,834.8203399534538,875,25,star,736.3592873047776,square,875.0,875.0,1107.0794912742265,heart,16.125,19.125,41.25,20.875
968,x,835,772,25,25,star,1101.866144320625,25,875,triangle,816.5225042826438,875,25,heart,748.0701838731444,square,875.0,875.0,110.4943437466371,square,47.25,23.625,21.0,17.75
969,x,243,647,25,25,heart,659.096351074712,25,875,triangle,315.4488865093678,875,25,star,886.7400972099998,square,875.0,875.0,671.8690348572406,triangle,29.625,46.75,29.375,20.875
970,x,469,535,25,25,star,676.1922803463524,25,875,heart,559.2280393542512,875,25,square,651.871152912905,triangle,875.0,875.0,529.5620832348177,heart,19.25,28.0,45.25,23.375
971,x,329,602,25,25,star,652.1847897643735,25,875,triangle,408.58903558465687,875,25,square,794.3834086887766,heart,875.0,875.0,610.4465578574426,triangle,29.125,51.0,35.75,24.75
972,x,461,698,25,25,triangle,801.8883962248113,25,875,square,470.5581791872287,875,25,heart,790.1423922306662,star,875.0,875.0,450.24993059410906,square,42.25,21.875,20.0,20.375
973,x,507,345,25,25,triangle,578.5533683248244,25,875,star,716.3965382384256,875,25,square,487.6720209321015,heart,875.0,875.0,645.2317413147,heart,35.5,34.5,56.0,37.25
974,x,272,440,25,25,square,482.94306082601497,25,875,star,500.2339452696109,875,25,heart,732.0068305692236,triangle,875.0,875.0,743.5280761343179,star,19.625,23.375,24.25,44.75
975,x,535,83,25,25,star,513.2874438362973,25,875,square,942.0,875,25,triangle,344.91158287306035,heart,875.0,875.0,861.8955853234196,triangle,39.25,54.25,38.25,35.0
976,x,829,701,25,25,triangle,1050.4246760239405,25,875,heart,822.6129101831553,875,25,star,677.5632811774854,square,875.0,875.0,179.97777640586628,square,45.75,17.625,19.625,16.625
977,x,350,705,25,25,triangle,753.6743328520615,25,875,heart,366.7764987018661,875,25,star,859.0838143045182,square,875.0,875.0,551.837838499681,square,47.75,23.0,33.0,17.375
978,x,388,473,25,25,star,576.6047172890628,25,875,square,541.6391787897179,875,25,triangle,661.7197291905388,heart,875.0,875.0,631.4847583275466,square,45.0,22.25,28.375,24.5
979,x,787,459,25,25,star,876.9264507357501,25,875,heart,868.1589716175258,875,25,triangle,442.83179650969055,square,875.0,875.0,425.205832509386,square,42.75,19.75,27.25,18.375
980,x,471,812,25,25,heart,904.5910678312052,25,875,square,450.4275746443594,875,25,star,884.6383441836557,triangle,875.0,875.0,408.8826237442721,square,46.5,31.0,26.0,16.625
981,x,160,154,25,25,triangle,186.72439583514523,25,875,square,733.529822161308,875,25,star,726.543873417153,heart,875.0,875.0,1015.4142012006726,square,53.75,38.25,30.75,26.375
982,x,184,652,25,25,triangle,646.8461950108388,25,875,star,273.87953556262653,875,25,square,933.064842334122,heart,875.0,875.0,726.0922806365593,star,19.75,20.875,22.875,42.75
983,x,177,694,25,25,star,686.0502897018556,25,875,triangle,236.35777964771967,875,25,square,966.8324570472384,heart,875.0,875.0,721.0859865508412,triangle,26.25,48.0,30.625,22.375
984,x,812,429,25,25,triangle,884.6383441836557,25,875,star,904.5910678312052,875,25,heart,408.8826237442721,square,875.0,875.0,450.4275746443594,square,45.0,22.0,24.75,22.875
985,x,92,672,25,25,star,650.459837345858,25,875,heart,213.77090541044169,875,25,triangle,1015.7253565802126,square,875.0,875.0,808.8868894969185,heart,22.25,15.6875,42.5,18.875
986,x,211,506,25,25,triangle,515.7101899322913,25,875,heart,413.2275402245112,875,25,square,819.9128002415866,star,875.0,875.0,759.6426791590899,star,30.875,34.25,38.75,52.5
987,x,500,762,25,25,star,876.8089871802182,25,875,triangle,488.2560803512845,875,25,heart,826.9183756574769,square,875.0,875.0,391.6554608326048,triangle,39.0,53.0,28.0,23.375
988,x,373,670,25,25,triangle,732.8908513550978,25,875,square,403.89231238041657,875,25,star,817.3304105439855,heart,875.0,875.0,542.2444098374827,square,45.0,23.125,27.75,19.75
989,x,375,365,25,25,square,487.95491595023407,25,875,triangle,618.5466837676846,875,25,heart,604.6486583132389,star,875.0,875.0,714.2128534267638,star,30.375,40.75,37.0,55.25
990,x,270,315,25,25,square,379.63798545456433,25,875,star,611.2487218800543,875,25,triangle,670.9135562797937,heart,875.0,875.0,824.3937166184613,star,28.25,25.0,34.0,49.5
991,x,815,428,25,25,star,886.8534264465577,25,875,triangle,907.6943318099987,875,25,square,407.4420204151752,heart,875.0,875.0,451.0088690923938,triangle,36.5,56.5,43.75,28.75
992,x,492,184,25,25,square,493.32545038746986,25,875,heart,834.0083932431376,875,25,star,414.6926572776519,triangle,875.0,875.0,790.0443025552428,star,35.25,37.75,34.5,51.75
993,x,722,608,25,25,triangle,908.6792613458282,25,875,square,746.3899784964962,875,25,star,602.742067554605,heart,875.0,875.0,307.73040148805575,square,46.25,23.0,28.25,19.25
994,x,849,371,25,25,heart,893.6956976510517,25,875,square,965.9151101416728,875,25,triangle,346.9755034580972,star,875.0,875.0,504.6701893316069,star,35.5,32.75,31.125,47.75
995,x,98,291,25,25,triangle,275.835095664058,25,875,square,588.5448156257942,875,25,star,821.27035743414,heart,875.0,875.0,972.000514403156,square,52.0,35.5,28.125,22.625
996,x,560,822,25,25,star,959.9135377730644,25,875,heart,537.6188240751992,875,25,square,856.9912484967393,triangle,875.0,875.0,319.4276130831522,heart,24.5,38.0,51.5,21.75
997,x,405,333,25,25,heart,489.14619491518073,25,875,star,661.9395742815201,875,25,square,561.9288211152726,triangle,875.0,875.0,717.4008642314282,star,24.875,28.125,31.25,48.5
998,x,423,127,25,25,heart,410.8625074158021,25,875,star,847.2945178625907,875,25,triangle,463.3659460944449,square,875.0,875.0,873.9610975323787,square,48.75,26.875,32.5,32.75
999,x,846,130,25,25,triangle,827.6871389601266,25,875,star,1108.6324909545092,875,25,heart,108.93117092916977,square,875.0,875.0,745.5642158794908,heart,28.625,25.875,48.5,23.625
